Brand,Price,Body,Mileage,EngineV,Engine Type,Registration,Year,Model,Car_Age_2026,Mileage_per_Year
BMW,4200.00,sedan,277,2.00,Petrol,yes,1991,320,35,7.69
Mercedes-Benz,7900.00,van,427,2.90,Diesel,yes,1999,Sprinter 212,27,15.25
Mercedes-Benz,13300.00,sedan,358,5.00,Gas,yes,2003,S 500,23,14.92
Audi,23000.00,crossover,240,4.20,Petrol,yes,2007,Q7,19,12.00
Toyota,18300.00,crossover,120,2.00,Petrol,yes,2011,Rav 4,15,7.50
Mercedes-Benz,126902.16,crossover,0,5.50,Petrol,yes,2016,GLS 63,10,0.00
BMW,6100.00,sedan,438,2.00,Gas,yes,1997,320,29,14.60
Audi,14200.00,vagon,200,2.70,Diesel,yes,2006,A6,20,9.52
Renault,10799.00,vagon,193,1.50,Diesel,yes,2012,Megane,14,12.87
Volkswagen,1585.28,other,212,1.80,Gas,no,1999,Golf IV,27,7.57
Renault,11950.00,vagon,177,1.50,Diesel,yes,2011,Megane,15,11.06
Renault,2500.00,sedan,260,1.79,Petrol,yes,1994,19,32,7.88
Audi,9500.00,vagon,165,2.70,Gas,yes,2003,A6 Allroad,23,6.88
Volkswagen,10500.00,sedan,100,1.80,Petrol,yes,2008,Passat B6,18,5.26
Toyota,16000.00,crossover,250,4.70,Gas,yes,2001,Land Cruiser 100,25,9.62
Renault,8600.00,hatch,84,1.50,Diesel,yes,2012,Clio,14,5.60
BMW,2990.00,other,203,2.00,Petrol,no,2001,318,25,7.81
Toyota,26500.00,crossover,21,2.00,Petrol,yes,2013,Rav 4,13,1.50
Audi,3500.00,vagon,250,2.50,Diesel,no,1998,A6,28,8.62
Toyota,38233.00,other,0,2.40,Diesel,yes,2016,Hilux,10,0.00
Volkswagen,7500.00,hatch,132,1.40,Diesel,yes,2006,Polo,20,6.29
Audi,6800.00,sedan,225,2.40,Gas,yes,1998,A6,28,7.76
Mitsubishi,10500.00,crossover,130,2.40,Gas,yes,2006,Outlander,20,6.19
Audi,24900.00,sedan,163,4.20,Diesel,yes,2008,A8,18,8.58
Volkswagen,20800.00,crossover,151,3.00,Diesel,yes,2008,Touareg,18,7.95
Audi,6500.00,sedan,330,2.40,Petrol,yes,1999,A6,27,11.79
Mercedes-Benz,13566.00,other,171,2.20,Other,no,2011,Vito,15,10.69
Mitsubishi,8500.00,hatch,65,1.30,Petrol,yes,2010,Colt,16,3.82
Audi,2900.00,sedan,1,2.30,Gas,yes,1989,100,37,0.03
BMW,21500.00,other,72,3.00,Petrol,yes,2007,Z4,19,3.60
Mitsubishi,17900.00,crossover,87,3.80,Gas,yes,2008,Pajero Wagon,18,4.58
BMW,28500.00,crossover,160,4.80,Gas,yes,2008,X5,18,8.42
Volkswagen,9800.00,van,160,1.90,Diesel,yes,2009,Caddy,17,8.89
Toyota,14500.00,sedan,147,2.40,Gas,yes,2006,Camry,20,7.00
BMW,6000.00,sedan,300,2.80,Petrol,yes,1996,528,30,9.68
BMW,67500.00,crossover,1,2.50,Diesel,yes,2016,X5,10,0.09
Audi,33900.00,other,14,1.80,Petrol,yes,2014,TT,12,1.08
Audi,2500.00,sedan,180,,Petrol,no,2000,A4,26,6.67
Mercedes-Benz,9800.00,van,230,2.15,Diesel,yes,2004,Vito,22,10.00
Mercedes-Benz,63000.00,crossover,86,5.50,Petrol,yes,2009,G 55 AMG,17,4.78
BMW,7700.00,sedan,326,2.80,Petrol,yes,1998,528,28,11.24
Mercedes-Benz,9600.00,van,30,2.20,Diesel,yes,2006,Vito,20,1.43
Toyota,12800.00,sedan,181,2.40,Petrol,yes,2008,Camry,18,9.53
BMW,41000.00,crossover,80,3.00,Petrol,yes,2012,X6,14,5.33
Mitsubishi,2500.00,sedan,220,2.40,Petrol,yes,1987,Galant,39,5.50
BMW,3700.00,sedan,231,2.50,Petrol,yes,1990,525,36,6.24
Mercedes-Benz,29500.00,sedan,134,5.00,Petrol,yes,2008,S 500,18,7.05
BMW,6500.00,sedan,335,2.80,Petrol,yes,1996,528,30,10.81
Renault,8250.00,van,66,1.50,Diesel,yes,2014,Kangoo,12,5.08
Mercedes-Benz,19500.00,crossover,172,3.50,Other,yes,2008,ML 350,18,9.05
Mercedes-Benz,13500.00,sedan,317,5.00,Petrol,yes,2001,S 500,25,12.19
Mercedes-Benz,9200.00,van,266,2.20,Diesel,yes,2008,Vito,18,14.00
Toyota,10900.00,sedan,156,,Gas,yes,2005,Camry,21,7.09
Volkswagen,5000.00,vagon,265,2.00,Diesel,no,2006,Passat B6,20,12.62
BMW,23900.00,crossover,162,4.80,Petrol,yes,2007,X5,19,8.10
BMW,36900.00,sedan,81,3.00,Diesel,yes,2010,730,16,4.76
BMW,8900.00,other,253,1.80,Petrol,yes,1995,318,31,7.91
Renault,7800.00,van,200,1.90,Diesel,yes,2002,Trafic,24,8.00
BMW,126902.16,crossover,7,4.40,Petrol,yes,2015,X5 M,11,0.58
BMW,1650.00,sedan,270,1.80,Petrol,no,1995,318,31,8.44
Mercedes-Benz,50000.00,sedan,240,3.50,Petrol,yes,2006,S 350,20,11.43
Renault,9700.00,van,245,2.00,Diesel,yes,2008,Trafic,18,12.89
Mercedes-Benz,9999.00,van,127,2.20,Diesel,yes,2005,Vito,21,5.77
Audi,69999.00,crossover,21,3.00,Petrol,yes,2015,A6 Allroad,11,1.75
Mitsubishi,6500.00,sedan,152,1.60,Petrol,yes,2007,Lancer,19,7.60
Audi,4300.00,sedan,267,1.90,Diesel,no,2003,A6,23,11.12
Audi,3000.00,sedan,267,2.50,Diesel,no,1999,A6,27,9.54
Mercedes-Benz,8700.00,sedan,240,2.20,Diesel,yes,2000,E-Class,26,8.89
Renault,9000.00,vagon,178,2.00,Petrol,yes,2008,Scenic,18,9.37
Mercedes-Benz,20400.00,sedan,190,1.80,Gas,yes,2011,E-Class,15,11.88
BMW,9000.00,sedan,175,3.00,Petrol,no,2006,330,20,8.33
Mercedes-Benz,13400.00,sedan,105,1.80,Petrol,yes,2006,E-Class,20,5.00
Volkswagen,3700.00,sedan,195,1.90,Diesel,no,2001,Passat B5,25,7.50
Volkswagen,9850.00,van,126,2.00,Diesel,yes,2012,Caddy,14,8.40
Audi,3700.00,hatch,420,2.00,Diesel,no,2004,A3,22,18.26
Toyota,15700.00,crossover,195,4.00,Gas,yes,2003,Land Cruiser Prado,23,8.12
Mercedes-Benz,24500.00,sedan,180,2.20,Diesel,yes,2012,E-Class,14,12.00
Mitsubishi,7500.00,sedan,195,1.60,Gas,yes,2007,Lancer,19,9.75
Volkswagen,11990.00,van,231,2.50,Diesel,yes,2002,Caravelle,24,9.24
Volkswagen,13708.50,hatch,51,1.40,Petrol,yes,2014,Polo,12,3.92
BMW,8200.00,sedan,287,2.50,Gas,yes,1999,525,27,10.25
Renault,6999.00,van,222,1.50,Diesel,yes,2009,Kangoo,17,12.33
Renault,6750.00,vagon,214,1.50,Diesel,yes,2004,Megane,22,9.30
Audi,18500.00,sedan,245,3.00,Diesel,yes,2006,A8,20,11.67
Toyota,14299.00,sedan,83,2.00,Petrol,yes,2009,Avensis,17,4.61
Mercedes-Benz,28500.00,crossover,210,3.20,Diesel,yes,2007,GL 320,19,10.50
Mitsubishi,17000.00,crossover,89,3.80,Petrol,yes,2008,Pajero Wagon,18,4.68
Mercedes-Benz,25700.00,crossover,130,4.70,Gas,yes,2008,GL 450,18,6.84
Audi,2650.00,vagon,333,2.50,Diesel,no,2000,A6,26,12.33
Mitsubishi,8500.00,sedan,116,1.50,Petrol,yes,2008,Lancer X,18,6.11
Mercedes-Benz,4000.00,sedan,405,2.00,Diesel,yes,1992,200,34,11.57
Renault,11000.00,other,131,1.50,Diesel,yes,2011,Kangoo,15,8.19
Mercedes-Benz,14500.00,sedan,138,2.00,Petrol,yes,2007,E-Class,19,6.90
BMW,4099.00,sedan,50,2.50,Petrol,yes,1988,520,38,1.28
Volkswagen,31500.00,crossover,1,2.00,Petrol,yes,2014,Tiguan,12,0.08
Renault,4500.00,van,207,1.50,Diesel,yes,2003,Kangoo,23,8.62
Volkswagen,6700.00,other,207,1.90,Diesel,yes,2004,Caddy,22,9.00
Mitsubishi,20800.00,crossover,31,2.40,Petrol,yes,2011,Outlander XL,15,1.94
Mercedes-Benz,107999.00,crossover,0,2.98,Diesel,yes,2016,GLS 350,10,0.00
BMW,3500.00,sedan,334,2.00,Diesel,no,1999,320,27,11.93
Audi,39000.00,sedan,18,1.80,Other,yes,2015,A5,11,1.50
Toyota,13500.00,crossover,150,4.70,Gas,yes,2002,Land Cruiser 100,24,6.00
Mitsubishi,6150.00,sedan,175,1.60,Petrol,yes,2007,Lancer,19,8.75
BMW,45500.00,crossover,76,4.40,Petrol,yes,2010,X6 M,16,4.47
BMW,4900.00,sedan,295,2.00,Petrol,yes,1994,520,32,8.94
BMW,47000.00,other,5,2.00,Petrol,yes,2014,Z4,12,0.38
Toyota,19200.00,crossover,190,2.70,Gas,yes,2005,Land Cruiser Prado,21,8.64
Mitsubishi,11100.00,crossover,119,2.40,Gas,yes,2008,Outlander,18,6.26
Mitsubishi,8200.00,sedan,139,1.50,Other,yes,2012,Lancer X,14,9.27
Volkswagen,10300.00,sedan,235,2.00,Petrol,yes,2007,Passat B6,19,11.75
Renault,11990.00,van,210,1.20,Diesel,yes,2010,Scenic,16,12.35
Mitsubishi,1585.28,sedan,340,,Other,yes,1986,Galant,40,8.29
BMW,46800.00,sedan,33,2.00,Diesel,yes,2014,520,12,2.54
Volkswagen,1585.28,other,260,1.80,Gas,no,1994,Golf III,32,7.88
BMW,6350.00,crossover,156,4.40,Gas,no,2002,X5,24,6.24
Mercedes-Benz,8900.00,hatch,155,1.50,Petrol,yes,2005,A 150,21,7.05
Mercedes-Benz,12700.00,van,160,3.00,Diesel,yes,2007,Vito,19,8.00
Mitsubishi,8000.00,sedan,207,1.60,Gas,yes,2007,Lancer,19,10.35
Toyota,29500.00,crossover,63,4.00,Petrol,yes,2008,FJ Cruiser,18,3.32
Renault,7100.00,van,208,1.50,Diesel,yes,2008,Kangoo,18,10.95
Renault,10850.00,crossover,103,2.50,Gas,yes,2010,Koleos,16,6.06
Toyota,126902.16,crossover,0,4.50,Diesel,yes,2016,Land Cruiser 200,10,0.00
Volkswagen,27000.00,sedan,57,2.00,Diesel,yes,2013,Passat B7,13,4.07
Volkswagen,18100.00,other,64,2.00,Petrol,yes,2011,Scirocco,15,4.00
BMW,27000.00,sedan,137,5.00,Other,yes,2005,M5,21,6.23
BMW,8990.00,other,300,2.20,Petrol,yes,2002,320,24,12.00
Toyota,32900.00,crossover,82,2.70,Petrol,yes,2013,Venza,13,5.86
BMW,25500.00,other,163,4.80,Petrol,yes,2008,X5,18,8.58
Toyota,8900.00,crossover,153,2.00,Petrol,yes,2003,Rav 4,23,6.38
Audi,11950.00,sedan,190,3.00,Petrol,yes,2006,A6,20,9.05
Mercedes-Benz,22700.00,sedan,125,2.20,Diesel,yes,2010,E-Class,16,7.35
Audi,1585.28,sedan,112,1.60,Petrol,yes,1980,80,46,2.38
BMW,13000.00,sedan,165,2.20,Gas,yes,2003,520,23,6.88
Audi,25000.00,other,60,2.00,Petrol,yes,2011,A5,15,3.75
Toyota,26900.00,crossover,119,4.00,Gas,yes,2008,Land Cruiser Prado,18,6.26
Mercedes-Benz,87777.00,van,0,2.20,Diesel,yes,2016,V 250,10,0.00
Volkswagen,6000.00,van,200,2.00,Diesel,yes,2008,Caddy,18,10.53
Audi,9800.00,vagon,257,2.50,Diesel,yes,2003,A6,23,10.71
Audi,13900.00,other,197,2.00,Diesel,yes,2006,A6,20,9.38
Renault,12200.00,van,164,2.50,Diesel,yes,2009,Trafic,17,9.11
Mercedes-Benz,13500.00,crossover,205,2.70,Diesel,yes,2005,ML 270,21,9.32
BMW,18100.00,crossover,200,4.80,Petrol,yes,2005,X5,21,9.09
BMW,33000.00,crossover,200,3.00,Diesel,yes,2010,X5,16,11.76
Volkswagen,16900.00,crossover,145,1.40,Petrol,yes,2011,Tiguan,15,9.06
Mercedes-Benz,22000.00,sedan,110,1.80,Petrol,yes,2011,C-Class,15,6.88
Volkswagen,10700.00,sedan,195,3.20,Petrol,yes,2007,Passat B6,19,9.75
Mercedes-Benz,7800.00,sedan,226,2.20,Diesel,yes,2000,E-Class,26,8.37
Mercedes-Benz,17300.00,sedan,184,1.80,Gas,yes,2008,E-Class,18,9.68
BMW,70000.00,sedan,16,3.00,Diesel,yes,2014,730,12,1.23
Volkswagen,2200.00,hatch,118,1.40,Petrol,no,2001,Lupo,25,4.54
BMW,8900.00,sedan,256,2.20,Petrol,yes,2002,5 Series,24,10.24
Mercedes-Benz,31600.00,sedan,33,1.60,Petrol,yes,2013,CLA 200,13,2.36
Volkswagen,7900.00,other,168,1.90,Diesel,yes,2006,T5 (Transporter),20,8.00
Toyota,28500.00,crossover,97,3.50,Petrol,yes,2012,Highlander,14,6.47
Renault,6900.00,van,140,1.50,Diesel,yes,2012,Kangoo,14,9.33
BMW,8850.00,vagon,280,2.50,Diesel,yes,2000,525,26,10.37
Renault,3100.00,van,164,1.40,Petrol,yes,1999,Kangoo,27,5.86
BMW,8900.00,sedan,250,2.50,Petrol,yes,2000,525,26,9.26
Renault,6100.00,sedan,130,1.40,Petrol,yes,2005,Megane,21,5.91
BMW,1585.28,sedan,260,1.80,Petrol,no,1996,318,30,8.39
Volkswagen,8800.00,van,93,1.60,Diesel,yes,2012,Caddy,14,6.20
Renault,10299.00,other,176,2.00,Diesel,yes,2013,Trafic,13,12.57
Renault,6500.00,sedan,170,1.60,Petrol,yes,2004,Megane,22,7.39
Mercedes-Benz,126902.16,other,1,4.70,Petrol,yes,2015,S 500,11,0.08
Toyota,9100.00,sedan,151,1.60,Gas,yes,2007,Corolla,19,7.55
Volkswagen,9950.00,hatch,95,1.40,Petrol,yes,2010,Polo,16,5.59
Toyota,24500.00,crossover,260,4.70,Gas,yes,2003,Land Cruiser 100,23,10.83
Audi,51500.00,crossover,27,3.00,Diesel,yes,2013,Q7,13,1.93
Volkswagen,12900.00,van,290,1.90,Diesel,yes,2008,T5 (Transporter),18,15.26
Mercedes-Benz,8000.00,van,250,2.20,Diesel,yes,2006,Vito,20,11.90
Mitsubishi,8100.00,sedan,112,2.40,Petrol,yes,2007,Galant,19,5.60
Renault,10100.00,van,164,2.00,Diesel,yes,2012,Trafic,14,10.93
BMW,1900.00,sedan,300,2.50,Diesel,no,1997,5 Series,29,10.00
Renault,10800.00,van,187,2.00,Diesel,yes,2012,Trafic,14,12.47
Audi,8000.00,sedan,234,4.20,Gas,no,2004,A8,22,10.17
Mercedes-Benz,15300.00,other,120,2.60,Petrol,yes,2004,CLK 240,22,5.22
Volkswagen,2350.00,hatch,182,1.90,Diesel,no,1998,Golf IV,28,6.28
Volkswagen,23999.00,sedan,88,,Other,yes,2012,Passat CC,14,5.87
BMW,38888.00,vagon,5,1.20,Other,yes,2015,I3,11,0.42
Mitsubishi,7300.00,hatch,126,,Other,yes,2004,Colt,22,5.48
Toyota,99999.00,crossover,0,4.50,Diesel,yes,2016,Land Cruiser 200,10,0.00
Volkswagen,17650.00,sedan,110,1.80,Petrol,yes,2012,Passat B7,14,7.33
Volkswagen,12999.00,van,237,2.50,Diesel,yes,2005,Multivan,21,10.77
Mercedes-Benz,18500.00,other,90,1.80,Petrol,yes,2008,C-Class,18,4.74
Volkswagen,9200.00,sedan,195,2.00,Petrol,yes,2006,Passat B6,20,9.29
Volkswagen,14500.00,sedan,1,1.60,Other,yes,2016,Polo,10,0.09
Volkswagen,18000.00,vagon,18,1.60,Diesel,yes,2011,Passat B7,15,1.12
Mercedes-Benz,6800.00,van,250,1.70,Diesel,yes,2003,Vaneo,23,10.42
BMW,20500.00,crossover,73,2.00,Petrol,yes,2011,X1,15,4.56
BMW,28000.00,other,100,5.00,Petrol,yes,2005,M5,21,4.55
Volkswagen,10650.00,van,130,2.00,Diesel,yes,2011,T5 (Transporter) ,15,8.12
Volkswagen,20300.00,other,30,1.40,Petrol,yes,2013,Scirocco,13,2.14
Volkswagen,3000.00,vagon,267,1.90,Diesel,no,1999,Passat B5,27,9.54
Toyota,25250.00,crossover,112,4.50,Gas,yes,2007,Land Cruiser 100,19,5.60
Mitsubishi,1585.28,hatch,245,1.30,Petrol,no,1996,Colt,30,7.90
Mercedes-Benz,17600.00,sedan,174,4.00,Diesel,yes,2005,S 400,21,7.91
Mercedes-Benz,14200.00,van,180,2.20,Diesel,yes,2007,Vito,19,9.00
BMW,13700.00,crossover,270,4.60,Gas,yes,2004,X5,22,11.74
Mercedes-Benz,23900.00,sedan,187,5.50,Petrol,yes,2007,S 550,19,9.35
Volkswagen,3700.00,crossover,267,,Diesel,no,2000,Golf IV,26,9.89
Volkswagen,32000.00,sedan,144,3.60,Petrol,yes,2013,Passat CC,13,10.29
BMW,4599.00,sedan,267,2.00,Gas,yes,1991,520,35,7.42
Volkswagen,2350.00,sedan,300,1.90,Diesel,no,1998,Passat B5,28,10.34
Audi,19999.00,vagon,160,2.00,Petrol,yes,2010,A4 Allroad,16,9.41
BMW,28900.00,sedan,78,2.00,Petrol,yes,2012,528,14,5.20
Volkswagen,3800.00,sedan,300,2.80,Gas,yes,1996,Passat B4,30,9.68
Audi,4649.00,vagon,350,,Diesel,yes,2000,A6,26,12.96
Volkswagen,1800.00,other,300,1.30,Petrol,yes,1989,Golf II,37,7.89
Toyota,126902.16,crossover,1,4.50,Diesel,yes,2011,Land Cruiser 200,15,0.06
Volkswagen,9700.00,sedan,201,2.00,Petrol,yes,2007,Passat B6,19,10.05
Mitsubishi,25342.20,other,1,2.50,Diesel,yes,2016,L 200,10,0.09
Volkswagen,24900.00,sedan,1,1.60,Diesel,yes,2016,Jetta,10,0.09
Renault,4999.00,sedan,140,1.40,Petrol,yes,2011,Logan,15,8.75
BMW,4700.00,sedan,390,2.50,Petrol,yes,1991,525,35,10.83
Mercedes-Benz,4999.00,sedan,1,2.80,Petrol,yes,1997,E-Class,29,0.03
Mercedes-Benz,9299.00,sedan,350,2.70,Diesel,yes,2000,E-Class,26,12.96
Mercedes-Benz,25000.00,sedan,130,5.50,Petrol,yes,2007,S 550,19,6.50
Mitsubishi,12900.00,crossover,148,3.00,Gas,yes,2008,Pajero Sport,18,7.79
Audi,9700.00,vagon,189,2.50,Diesel,yes,2003,A6,23,7.88
Renault,10100.00,van,64,2.00,Diesel,yes,2014,Trafic,12,4.92
BMW,2800.00,sedan,296,3.00,Diesel,no,2001,730,25,11.38
Mercedes-Benz,13500.00,van,350,2.90,Diesel,yes,2000,Sprinter 312,26,12.96
Mitsubishi,8900.00,hatch,125,1.80,Petrol,yes,2009,Lancer X Sportback,17,6.94
Mercedes-Benz,109999.00,crossover,0,3.00,Diesel,yes,2016,GLS 350,10,0.00
Mercedes-Benz,11500.00,sedan,180,3.20,Gas,yes,2004,E-Class,22,7.83
BMW,36900.00,crossover,82,3.00,Petrol,yes,2010,X6,16,4.82
Toyota,33200.00,crossover,150,4.00,Gas,yes,2010,Land Cruiser Prado,16,8.82
Volkswagen,10200.00,van,253,2.50,Diesel,yes,2008,T5 (Transporter),18,13.32
Volkswagen,16999.00,sedan,0,1.60,Petrol,yes,2016,Jetta,10,0.00
Toyota,10800.00,sedan,179,3.00,Gas,yes,2005,Camry,21,8.14
Mercedes-Benz,35500.00,other,99,2.99,Diesel,yes,2011,E-Class,15,6.19
Volkswagen,9900.00,hatch,156,1.60,Petrol,yes,2007,Golf Plus,19,7.80
Renault,7900.00,vagon,91,1.50,Diesel,yes,2008,Scenic,18,4.79
Mercedes-Benz,13900.00,sedan,216,2.20,Diesel,yes,2007,E-Class,19,10.80
Volkswagen,20000.00,sedan,102,1.80,Petrol,yes,2011,Passat CC,15,6.38
Toyota,28500.00,crossover,38,2.20,Diesel,yes,2015,Rav 4,11,3.17
Mitsubishi,7200.00,sedan,178,1.60,Petrol,yes,2007,Lancer,19,8.90
Mitsubishi,9000.00,crossover,200,2.00,Gas,yes,2006,Outlander,20,9.52
Audi,36500.00,crossover,115,3.00,Diesel,yes,2010,Q7,16,6.76
Volkswagen,8000.00,hatch,41,1.20,Petrol,yes,2012,Up,14,2.73
Audi,43000.00,other,11,1.80,Petrol,yes,2015,A6,11,0.92
Toyota,13700.00,sedan,48,1.40,Diesel,yes,2013,Corolla,13,3.43
Toyota,7899.00,sedan,165,1.80,Gas,yes,2006,Avensis,20,7.86
Renault,13999.00,van,180,2.00,Diesel,yes,2012,Trafic,14,12.00
Volkswagen,10500.00,van,176,1.60,Diesel,yes,2012,Caddy,14,11.73
Mercedes-Benz,5500.00,sedan,100,6.15,Petrol,yes,2007,S 550,19,5.00
Volkswagen,20800.00,other,160,2.00,Diesel,yes,2012,Amarok,14,10.67
Volkswagen,2500.00,sedan,440,2.00,Petrol,yes,1991,Passat B3,35,12.22
Mercedes-Benz,32000.00,crossover,176,3.20,Gas,yes,2003,G 320,23,7.33
Mercedes-Benz,14500.00,sedan,220,5.00,Petrol,yes,2004,S 500,22,9.57
Toyota,16900.00,hatch,20,1.60,Petrol,yes,2014,Auris,12,1.54
Mercedes-Benz,13600.00,van,172,2.20,Diesel,yes,2013,Vito,13,12.29
Audi,2600.00,vagon,273,2.50,Diesel,no,1999,A6,27,9.75
BMW,12000.00,sedan,237,3.00,Diesel,yes,2003,530,23,9.88
Volkswagen,18800.00,vagon,106,1.60,Diesel,yes,2013,Passat B7,13,7.57
Toyota,35500.00,crossover,85,3.00,Diesel,yes,2012,Land Cruiser Prado,14,5.67
Mercedes-Benz,29900.00,other,71,5.50,Petrol,yes,2007,CL 500,19,3.55
Renault,6750.00,other,110,1.50,Diesel,yes,2012,Kangoo,14,7.33
BMW,34900.00,crossover,117,3.00,Petrol,yes,2011,X5,15,7.31
Volkswagen,7700.00,van,177,1.90,Diesel,yes,2008,T5 (Transporter) ,18,9.32
Renault,9250.00,vagon,220,1.50,Diesel,yes,2010,Megane,16,12.94
Renault,8400.00,hatch,84,1.50,Diesel,yes,2011,Kangoo,15,5.25
Toyota,11750.00,sedan,93,1.60,Petrol,yes,2013,Corolla,13,6.64
Mercedes-Benz,5800.00,van,368,2.20,Diesel,yes,2000,Vito,26,13.63
Toyota,5900.00,crossover,180,3.00,Diesel,no,2003,Land Cruiser Prado,23,7.50
BMW,44999.00,crossover,87,3.00,Diesel,yes,2011,X6,15,5.44
Volkswagen,10500.00,van,170,1.60,Diesel,yes,2013,Caddy,13,12.14
Mercedes-Benz,17900.00,sedan,190,3.00,Diesel,yes,2007,E-Class,19,9.50
Audi,9999.00,sedan,190,3.00,Petrol,yes,2007,A6,19,9.50
Audi,9999.00,sedan,190,2.50,Diesel,yes,2003,A6,23,7.92
Renault,4900.00,van,440,2.50,Diesel,yes,2000,Master,26,16.30
Volkswagen,61000.00,crossover,2,3.00,Diesel,yes,2016,Touareg,10,0.18
Toyota,38300.00,crossover,130,5.70,Gas,yes,2009,Land Cruiser 200,17,7.22
Toyota,17700.00,sedan,30,1.60,Petrol,yes,2014,Corolla,12,2.31
Toyota,1585.28,sedan,10,1.50,Petrol,yes,1979,Corolla,47,0.21
Volkswagen,55555.00,van,50,2.00,Diesel,yes,2013,Multivan,13,3.57
BMW,18000.00,crossover,280,3.00,Diesel,yes,2005,X5,21,12.73
Renault,7600.00,other,125,1.50,Diesel,yes,2013,Kangoo,13,8.93
Renault,6900.00,sedan,68,1.50,Diesel,yes,2013,Logan,13,4.86
Renault,15635.10,vagon,0,1.50,Diesel,yes,2016,Dokker,10,0.00
Renault,10550.00,van,195,2.00,Diesel,yes,2011,Trafic,15,12.19
Volkswagen,12500.00,van,190,1.90,Diesel,yes,2008,T5 (Transporter),18,10.00
Audi,13000.00,sedan,157,3.00,Petrol,yes,2006,A6,20,7.48
BMW,7400.00,sedan,285,4.40,Gas,yes,1997,540,29,9.50
Audi,64400.00,other,41,,Other,yes,2014,A8,12,3.15
Renault,9500.00,hatch,100,1.50,Diesel,yes,2009,Megane,17,5.56
Audi,18800.00,crossover,197,4.20,Petrol,yes,2007,Q7,19,9.85
Toyota,8000.00,sedan,176,3.00,Petrol,yes,2002,Camry,24,7.04
Volkswagen,8700.00,vagon,250,1.90,Diesel,yes,2002,Passat B5,24,10.00
Mercedes-Benz,9999.00,crossover,300,3.20,Petrol,yes,1998,ML 320,28,10.34
Volkswagen,16700.00,sedan,175,2.00,Petrol,yes,2011,Passat CC,15,10.94
Toyota,13900.00,hatch,90,1.60,Petrol,yes,2012,Auris,14,6.00
Volkswagen,18700.00,other,145,2.00,Diesel,yes,2011,T5 (Transporter) ,15,9.06
Mitsubishi,6200.00,sedan,152,1.60,Petrol,yes,2006,Lancer,20,7.24
Renault,3600.00,van,22,1.90,Diesel,yes,2001,Kangoo,25,0.85
Renault,7500.00,vagon,98,1.40,Petrol,yes,2007,Kangoo,19,4.90
Renault,2300.00,van,200,1.90,Diesel,yes,2002,Kangoo,24,8.00
Volkswagen,16900.00,crossover,133,2.50,Diesel,yes,2007,Touareg,19,6.65
Mitsubishi,13499.00,crossover,116,2.40,Petrol,yes,2008,Outlander XL,18,6.11
Renault,5700.00,van,180,1.50,Diesel,yes,2007,Kangoo,19,9.00
Renault,7250.00,van,83,,Other,yes,2013,Kangoo,13,5.93
Mitsubishi,17900.00,crossover,140,3.80,Gas,yes,2007,Pajero Wagon,19,7.00
Volkswagen,7800.00,vagon,289,,Diesel,yes,2003,Passat B5,23,12.04
Volkswagen,13900.00,other,170,1.90,Diesel,yes,2006,Multivan,20,8.10
Audi,7950.00,vagon,167,2.50,Diesel,yes,2000,A6,26,6.19
BMW,9700.00,sedan,250,2.00,Petrol,yes,2003,318,23,10.42
Volkswagen,7500.00,sedan,240,1.80,Petrol,yes,2002,Passat B5,24,9.60
Audi,19999.00,crossover,117,4.20,Petrol,yes,2007,Q7,19,5.85
BMW,9100.00,sedan,230,2.00,Gas,yes,2004,318,22,10.00
Renault,8100.00,van,135,,Diesel,yes,2008,Kangoo,18,7.11
Volkswagen,13300.00,hatch,73,1.40,Petrol,yes,2011,Golf VI,15,4.56
Volkswagen,21000.00,hatch,22,1.20,Other,yes,2014,Golf VII,12,1.69
Audi,6600.00,sedan,360,1.80,Petrol,yes,1998,A6,28,12.41
Audi,7600.00,vagon,226,3.00,Diesel,no,2006,A6,20,10.76
Mercedes-Benz,3500.00,hatch,258,1.70,Diesel,no,2002,A 170,24,10.32
Volkswagen,3500.00,sedan,3,1.80,Petrol,yes,1991,Passat B3,35,0.08
Mercedes-Benz,17900.00,van,167,2.20,Diesel,yes,2012,Vito,14,11.13
Renault,1950.00,vagon,286,1.90,Diesel,no,2001,Laguna,25,11.00
Volkswagen,7990.00,sedan,90,1.40,Petrol,yes,2003,New Beetle,23,3.75
Volkswagen,65000.00,crossover,24,,Other,yes,2015,Touareg,11,2.00
Volkswagen,6500.00,sedan,320,1.90,Diesel,yes,2001,Passat B5,25,12.31
Mitsubishi,3500.00,sedan,300,2.00,Diesel,yes,1996,Galant,30,9.68
Toyota,14100.00,sedan,113,2.40,Gas,yes,2009,Camry,17,6.28
Toyota,2999.00,other,300,1.60,Petrol,yes,1991,Corolla,35,8.33
BMW,66900.00,crossover,70,3.00,Diesel,yes,2014,X5,12,5.38
Toyota,13100.00,sedan,200,3.50,Gas,yes,2006,Camry,20,9.52
Volkswagen,6900.00,sedan,300,1.80,Petrol,yes,1998,Passat B5,28,10.34
Volkswagen,23999.00,sedan,80,2.00,Diesel,yes,2014,Passat B7,12,6.15
Mitsubishi,6990.00,crossover,225,2.50,Petrol,yes,1997,Pajero,29,7.50
Toyota,13999.00,sedan,198,2.40,Gas,yes,2009,Camry,17,11.00
Renault,7600.00,van,108,1.20,Diesel,yes,2013,Kangoo,13,7.71
Renault,11100.00,vagon,180,1.50,Diesel,yes,2012,Megane,14,12.00
Mercedes-Benz,16500.00,other,260,2.20,Diesel,yes,2011,Sprinter 319,15,16.25
Mercedes-Benz,126902.16,crossover,0,5.50,Petrol,yes,2016,GLS 63,10,0.00
Mercedes-Benz,44000.00,other,82,5.50,Petrol,yes,2010,S 500,16,4.82
Audi,39900.00,other,12,1.80,Petrol,yes,2014,A5,12,0.92
Mercedes-Benz,20500.00,sedan,173,1.80,Gas,yes,2011,E-Class,15,10.81
BMW,8000.00,crossover,214,4.40,Petrol,no,2000,X5,26,7.93
BMW,11600.00,sedan,142,2.00,Petrol,yes,2005,320,21,6.45
Audi,3500.00,sedan,265,2.00,Diesel,yes,1986,100,40,6.46
Renault,11500.00,vagon,170,1.50,Diesel,yes,2012,Megane,14,11.33
Volkswagen,13700.00,other,103,2.00,Diesel,yes,2011,Passat B6,15,6.44
Mercedes-Benz,13700.00,van,198,3.20,Gas,yes,2006,Viano,20,9.43
Renault,7700.00,vagon,200,1.50,Diesel,yes,2007,Megane,19,10.00
Mercedes-Benz,5800.00,sedan,231,2.20,Petrol,yes,1994,E-Class,32,7.00
Volkswagen,9500.00,sedan,95,2.00,Petrol,yes,2007,Passat B6,19,4.75
Mercedes-Benz,24900.00,sedan,140,5.50,Petrol,yes,2009,S 550,17,7.78
Volkswagen,55500.00,crossover,47,3.00,Diesel,yes,2016,Touareg,10,4.27
Volkswagen,6500.00,van,186,2.80,Petrol,yes,2000,Sharan,26,6.89
Mercedes-Benz,8300.00,sedan,175,3.20,Diesel,no,2006,E-Class,20,8.33
Mitsubishi,12000.00,crossover,130,3.00,Gas,yes,2007,Pajero Sport,19,6.50
Mercedes-Benz,15000.00,crossover,185,3.70,Gas,yes,2005,ML 350,21,8.41
BMW,8100.00,sedan,246,3.00,Diesel,yes,2000,530,26,9.11
Volkswagen,11200.00,van,178,,Diesel,yes,2008,T5 (Transporter),18,9.37
Renault,8000.00,sedan,175,2.00,Gas,yes,2005,Megane,21,7.95
Mercedes-Benz,5500.00,van,285,2.30,Diesel,yes,1999,Vito,27,10.18
Renault,9600.00,vagon,184,1.50,Diesel,yes,2011,Megane,15,11.50
Volkswagen,12500.00,vagon,96,,Petrol,yes,2010,Golf VI,16,5.65
BMW,10800.00,sedan,180,2.00,Petrol,yes,2002,318,24,7.20
Mercedes-Benz,10999.00,van,263,2.20,Diesel,yes,2005,Vito,21,11.95
BMW,44000.00,crossover,80,3.00,Diesel,yes,2012,X5,14,5.33
Toyota,15700.00,sedan,108,,Petrol,yes,2008,Camry,18,5.68
Toyota,19200.00,hatch,54,1.40,Other,yes,2012,Prius,14,3.60
Mercedes-Benz,19600.00,van,127,1.80,Diesel,yes,2013,B 180,13,9.07
Volkswagen,9000.00,sedan,135,1.60,Gas,yes,2011,Polo,15,8.44
BMW,10900.00,sedan,245,3.00,Diesel,yes,2003,530,23,10.21
Volkswagen,12900.00,van,180,2.00,Diesel,yes,2012,T5 (Transporter) ,14,12.00
BMW,6600.00,sedan,285,2.50,Petrol,yes,1999,525,27,10.18
Renault,15820.35,sedan,0,1.50,Diesel,yes,2016,Fluence,10,0.00
Toyota,10200.00,sedan,180,2.40,Petrol,yes,2003,Camry,23,7.50
Mercedes-Benz,6000.00,sedan,366,3.20,Gas,yes,1994,E-Class,32,11.09
Audi,3500.00,sedan,1,2.00,Other,yes,1988,90,38,0.03
Volkswagen,7800.00,van,380,2.50,Diesel,yes,1999,T4 (Transporter),27,13.57
Toyota,35900.00,crossover,84,3.00,Diesel,yes,2013,Land Cruiser Prado,13,6.00
Renault,11700.00,crossover,90,1.50,Diesel,yes,2011,Duster,15,5.62
Volkswagen,15200.00,crossover,58,2.00,Petrol,yes,2008,Tiguan,18,3.05
Mercedes-Benz,2500.00,sedan,111,2.30,Gas,yes,1992,E-Class,34,3.17
Volkswagen,16800.00,other,164,2.00,Diesel,yes,2010,T5 (Transporter),16,9.65
BMW,50499.00,sedan,128,3.00,Diesel,yes,2013,730,13,9.14
Mercedes-Benz,2650.00,sedan,440,2.00,Gas,yes,1985,190,41,10.48
BMW,2250.00,sedan,300,2.50,Petrol,no,1997,523,29,10.00
Mercedes-Benz,9300.00,sedan,270,2.70,Diesel,yes,2001,E-Class,25,10.38
Toyota,11500.00,van,161,2.50,Diesel,yes,2002,Hiace,24,6.44
BMW,13000.00,sedan,304,4.40,Other,yes,2002,745,24,12.16
Mercedes-Benz,7500.00,sedan,319,3.20,Gas,yes,1997,S 320,29,10.63
Mercedes-Benz,17999.00,other,38,2.00,Petrol,yes,2009,CLC 200,17,2.11
Renault,7300.00,vagon,162,1.50,Diesel,yes,2006,Megane,20,7.71
Toyota,29900.00,crossover,117,3.00,Diesel,yes,2008,Land Cruiser Prado,18,6.16
Renault,4950.00,vagon,170,1.50,Diesel,yes,2004,Kangoo,22,7.39
Audi,36000.00,vagon,40,3.00,Diesel,yes,2010,Q7,16,2.35
Audi,1700.00,sedan,177,1.60,Petrol,no,1996,A4,30,5.71
Audi,12450.00,vagon,1,2.00,Diesel,yes,2008,A4,18,0.05
Volkswagen,13893.75,sedan,0,1.60,Petrol,yes,2016,Polo,10,0.00
Volkswagen,44600.00,crossover,60,3.00,Diesel,yes,2013,Touareg,13,4.29
Toyota,35138.29,crossover,0,2.00,Petrol,yes,2016,Rav 4,10,0.00
BMW,3500.00,sedan,313,2.50,Diesel,yes,1994,325,32,9.48
Mercedes-Benz,12800.00,other,260,2.70,Diesel,yes,2005,Sprinter 316,21,11.82
Volkswagen,27000.00,sedan,85,2.00,Diesel,yes,2013,Passat CC,13,6.07
Volkswagen,14800.00,sedan,143,2.00,Diesel,yes,2010,Passat B6,16,8.41
Renault,2200.00,other,155,1.60,Petrol,no,2004,Scenic,22,6.74
Volkswagen,2900.00,van,433,2.40,Diesel,no,1995,T4 (Transporter),31,13.53
Audi,12000.00,sedan,200,6.00,Petrol,yes,2004,A8,22,8.70
Volkswagen,41000.00,crossover,180,3.00,Diesel,yes,2013,Touareg,13,12.86
Audi,16300.00,vagon,180,3.20,Petrol,yes,2006,A6 Allroad,20,8.57
Renault,5300.00,van,145,1.50,Other,yes,2010,Kangoo,16,8.53
Mercedes-Benz,40500.00,sedan,39,2.20,Diesel,yes,2015,E-Class,11,3.25
Mercedes-Benz,4300.00,van,300,2.20,Diesel,no,2005,Vito,21,13.64
Volkswagen,4000.00,crossover,137,2.50,Diesel,no,2004,Touareg,22,5.96
Volkswagen,9600.00,hatch,132,1.60,Petrol,yes,2007,Golf V,19,6.60
Mitsubishi,18000.00,crossover,112,3.00,Gas,yes,2008,Pajero Wagon,18,5.89
Renault,11300.00,vagon,184,1.50,Diesel,yes,2011,Megane,15,11.50
Volkswagen,4999.00,hatch,131,1.40,Petrol,yes,2002,Polo,24,5.24
Mercedes-Benz,24999.00,sedan,112,2.20,Diesel,yes,2012,C-Class,14,7.47
Toyota,23300.00,crossover,93,2.70,Other,yes,2011,Venza,15,5.81
Toyota,14900.00,crossover,124,4.00,Petrol,yes,2006,Fortuner,20,5.90
Audi,22800.00,sedan,184,2.70,Diesel,yes,2010,A6,16,10.82
Mercedes-Benz,35500.00,sedan,137,3.00,Diesel,yes,2011,E-Class,15,8.56
Volkswagen,15000.00,other,280,2.80,Diesel,yes,2006,LT,20,13.33
Toyota,8650.00,sedan,132,1.60,Petrol,yes,2008,Corolla,18,6.95
Mitsubishi,22400.00,crossover,96,2.50,Diesel,yes,2011,Pajero Sport,15,6.00
Mitsubishi,10400.00,sedan,123,2.00,Petrol,yes,2009,Lancer X,17,6.83
Mercedes-Benz,126902.16,crossover,2,5.50,Petrol,yes,2016,GLS 63,10,0.18
Audi,10500.00,vagon,198,4.20,Gas,yes,2005,A6 Allroad,21,9.00
Renault,11900.00,crossover,68,1.50,Diesel,yes,2011,Duster,15,4.25
BMW,36900.00,sedan,17,2.00,Petrol,yes,2013,520,13,1.21
BMW,24500.00,crossover,170,3.00,Diesel,yes,2006,X5,20,8.10
Volkswagen,4700.00,van,400,2.40,Diesel,yes,1999,T4 (Transporter),27,14.29
Toyota,18100.00,hatch,30,1.60,Petrol,yes,2013,Auris,13,2.14
Mercedes-Benz,115000.00,sedan,47,4.60,Petrol,yes,2013,S 500,13,3.36
Mercedes-Benz,10900.00,sedan,217,3.20,Diesel,yes,2002,E-Class,24,8.68
BMW,7000.00,sedan,280,3.00,Petrol,yes,2001,530,25,10.77
Volkswagen,9999.00,vagon,161,2.00,Diesel,yes,2008,Passat B6,18,8.47
Mitsubishi,12300.00,other,160,2.50,Diesel,yes,2008,L 200,18,8.42
Volkswagen,67622.55,crossover,0,3.00,Diesel,yes,2016,Touareg,10,0.00
Volkswagen,18900.00,other,45,2.00,Diesel,yes,2013,Passat B7,13,3.21
Volkswagen,6999.00,sedan,248,1.80,Petrol,yes,2002,Passat B5,24,9.92
Mercedes-Benz,10250.00,sedan,261,1.80,Petrol,yes,2003,E-Class,23,10.88
Toyota,3500.00,sedan,286,1.60,Petrol,yes,2000,Corolla,26,10.59
BMW,13500.00,crossover,250,3.00,Diesel,no,2006,X5,20,11.90
BMW,2450.00,sedan,328,2.50,Diesel,no,1996,525,30,10.58
Volkswagen,7500.00,van,180,2.50,Diesel,yes,2004,T5 (Transporter) ,22,7.83
Volkswagen,4900.00,vagon,263,2.00,Diesel,no,2007,Passat B6,19,13.15
Audi,4600.00,vagon,242,,Diesel,no,2004,A6,22,10.52
Mercedes-Benz,5000.00,vagon,248,2.00,Gas,yes,1996,E-Class,30,8.00
BMW,29900.00,crossover,235,3.00,Diesel,yes,2009,X5,17,13.06
Renault,7000.00,sedan,110,1.40,Petrol,yes,2012,Symbol,14,7.33
Mitsubishi,11800.00,sedan,1,1.50,Gas,yes,2010,Lancer X,16,0.06
Mercedes-Benz,16500.00,van,223,2.20,Diesel,yes,2009,Vito,17,12.39
BMW,5300.00,sedan,147,2.20,Gas,no,2001,320,25,5.65
Mercedes-Benz,7200.00,van,200,2.20,Diesel,yes,2004,Vito,22,8.70
Volkswagen,8500.00,van,230,1.90,Diesel,yes,2008,Caddy,18,12.11
BMW,39000.00,crossover,180,3.00,Diesel,yes,2011,X5,15,11.25
Volkswagen,1850.00,vagon,270,1.90,Diesel,yes,2000,Passat B5,26,10.00
Audi,36100.00,sedan,75,3.00,Diesel,yes,2011,A7,15,4.69
Mitsubishi,3149.25,hatch,330,2.00,Gas,yes,1993,Galant,33,9.71
Renault,5800.00,van,159,1.50,Diesel,yes,2007,Kangoo,19,7.95
BMW,6700.00,sedan,370,2.00,Petrol,yes,1997,320,29,12.33
Renault,18988.13,crossover,0,1.50,Diesel,yes,2016,Duster,10,0.00
Mitsubishi,6300.00,sedan,128,,Petrol,yes,2007,Colt,19,6.40
BMW,7500.00,sedan,425,,Gas,yes,1996,535,30,13.71
Volkswagen,28660.00,van,0,1.60,Diesel,yes,2016,Caddy,10,0.00
BMW,2999.00,sedan,210,2.00,Other,no,1999,320,27,7.50
BMW,64500.00,crossover,1,2.00,Diesel,yes,2016,X5,10,0.09
Toyota,21500.00,crossover,135,2.00,Gas,yes,2007,Land Cruiser Prado,19,6.75
BMW,85555.00,sedan,10,3.00,Diesel,yes,2015,640,11,0.83
Volkswagen,8650.00,van,108,1.60,Diesel,yes,2013,Caddy,13,7.71
BMW,10600.00,sedan,1,3.00,Diesel,yes,2000,530,26,0.04
Toyota,6900.00,hatch,109,1.30,Gas,yes,2007,Yaris,19,5.45
Mercedes-Benz,2900.00,other,248,2.00,Petrol,no,1999,CLK 200,27,8.86
Mercedes-Benz,12250.00,other,185,2.20,Diesel,yes,2012,Vito,14,12.33
BMW,21700.00,crossover,101,2.50,Gas,yes,2007,X3,19,5.05
Mercedes-Benz,2000.00,sedan,320,2.20,Diesel,no,1998,E-Class,28,11.03
Audi,9900.00,vagon,284,2.50,Diesel,yes,2004,A6,22,12.35
Mercedes-Benz,5850.00,van,240,2.20,Diesel,yes,2001,Vito,25,9.23
Toyota,8200.00,vagon,204,1.40,Diesel,yes,2005,Corolla,21,9.27
Renault,7300.00,vagon,200,1.50,Diesel,yes,2008,Megane,18,10.53
Mitsubishi,8000.00,sedan,145,2.00,Gas,yes,2007,Lancer,19,7.25
Renault,6600.00,van,184,1.50,Diesel,yes,2012,Kangoo,14,12.27
Mercedes-Benz,22500.00,sedan,164,1.80,Gas,yes,2012,E-Class,14,10.93
Mercedes-Benz,13200.00,other,196,2.20,Other,yes,2012,Sprinter 313,14,13.07
Volkswagen,1585.28,other,300,1.40,Gas,yes,2000,Caddy,26,11.11
Volkswagen,8900.00,van,264,2.50,Diesel,yes,2003,T4 (Transporter),23,11.00
Mitsubishi,9200.00,sedan,163,2.00,Petrol,yes,2008,Lancer X,18,8.58
Mercedes-Benz,10200.00,sedan,154,2.50,Petrol,yes,2006,C-Class,20,7.33
Mercedes-Benz,2700.00,sedan,121,2.50,Diesel,yes,1986,E-Class,40,2.95
Mercedes-Benz,9500.00,sedan,246,6.00,Petrol,yes,1997,S 600,29,8.20
Mitsubishi,26850.00,crossover,84,3.20,Diesel,yes,2012,Pajero Wagon,14,5.60
Audi,21900.00,crossover,183,4.20,Petrol,yes,2007,Q7,19,9.15
Volkswagen,1700.00,hatch,250,1.40,Petrol,no,1998,Polo,28,8.62
Volkswagen,6500.00,hatch,225,1.40,Petrol,yes,2000,Golf IV,26,8.33
Mitsubishi,10600.00,crossover,85,,Gas,yes,2006,Outlander,20,4.05
Renault,5000.00,vagon,34,1.50,Diesel,yes,2013,Logan,13,2.43
BMW,38000.00,sedan,74,2.00,Diesel,yes,2014,520,12,5.69
Volkswagen,9599.00,sedan,140,1.80,Petrol,yes,2008,Passat B6,18,7.37
Mercedes-Benz,10800.00,other,230,1.80,Petrol,yes,2006,C-Class,20,10.95
Toyota,18800.00,crossover,105,2.00,Gas,yes,2011,Rav 4,15,6.56
Mitsubishi,7650.00,sedan,133,1.50,Gas,yes,2008,Lancer,18,7.00
Renault,6300.00,vagon,125,2.00,Petrol,yes,2003,Laguna,23,5.21
BMW,5000.00,other,75,1.90,Petrol,no,1998,Z3,28,2.59
Toyota,28500.00,crossover,107,3.50,Gas,yes,2011,Highlander,15,6.69
BMW,13000.00,sedan,193,3.60,Petrol,yes,2003,735,23,8.04
Toyota,16999.00,crossover,157,2.70,Gas,yes,2007,Land Cruiser Prado,19,7.85
BMW,34500.00,other,160,3.00,Diesel,yes,2011,X5,15,10.00
Volkswagen,10900.00,vagon,204,2.00,Diesel,yes,2007,Passat B6,19,10.20
Mitsubishi,18999.00,crossover,121,3.80,Gas,yes,2008,Pajero Wagon,18,6.37
BMW,9800.00,sedan,350,3.00,Diesel,yes,2001,530,25,13.46
Volkswagen,4300.00,vagon,298,1.80,Petrol,yes,1998,Golf III,28,10.28
Audi,3900.00,vagon,260,2.50,Diesel,no,2003,A6,23,10.83
Volkswagen,13499.00,van,154,2.00,Diesel,yes,2013,T5 (Transporter) ,13,11.00
Audi,19990.00,sedan,127,2.80,Petrol,yes,2010,A6,16,7.47
Renault,3400.00,van,260,2.20,Diesel,no,2005,Espace,21,11.82
Toyota,27800.00,sedan,157,3.50,Petrol,yes,2011,Camry,15,9.81
Volkswagen,2300.00,hatch,320,1.60,Gas,yes,1989,Golf II,37,8.42
BMW,30500.00,sedan,440,,Petrol,yes,2010,523,16,25.88
Renault,7650.00,van,151,1.50,Diesel,yes,2012,Kangoo,14,10.07
Volkswagen,10000.00,van,220,1.90,Diesel,yes,2008,Caddy,18,11.58
Volkswagen,9700.00,vagon,130,1.60,Gas,yes,2008,Golf Variant,18,6.84
Audi,1950.00,sedan,320,6.15,Other,no,1996,A4,30,10.32
Audi,3800.00,sedan,270,2.50,Diesel,no,2000,A6,26,10.00
Toyota,26900.00,crossover,115,4.00,Gas,yes,2008,Land Cruiser Prado,18,6.05
Toyota,12600.00,sedan,205,2.40,Gas,yes,2006,Camry,20,9.76
Volkswagen,14899.00,van,158,2.00,Diesel,yes,2012,T5 (Transporter) ,14,10.53
Renault,4999.00,vagon,252,1.50,Diesel,yes,2007,Kangoo,19,12.60
BMW,57777.00,other,40,4.00,Diesel,yes,2012,X6,14,2.67
Volkswagen,12350.00,van,167,1.40,Petrol,yes,2011,Touran,15,10.44
Audi,7999.00,sedan,177,2.70,Gas,yes,2003,A6,23,7.38
BMW,21600.00,crossover,200,4.80,Other,yes,2007,X5,19,10.00
Mitsubishi,8000.00,sedan,67,1.50,Petrol,yes,2009,Lancer X,17,3.72
Volkswagen,6799.00,hatch,1,1.40,Gas,yes,1998,Golf IV,28,0.03
Toyota,25749.75,sedan,0,2.50,Petrol,yes,2016,Camry,10,0.00
Volkswagen,8899.00,vagon,198,1.90,Other,yes,2004,Passat B5,22,8.61
Mercedes-Benz,26800.00,sedan,162,5.50,Petrol,yes,2007,S 500,19,8.10
Toyota,25555.00,crossover,128,4.70,Gas,yes,2004,Land Cruiser 100,22,5.57
Audi,25000.00,crossover,112,3.20,Petrol,yes,2010,Q5,16,6.59
Volkswagen,15800.00,van,194,2.00,Diesel,yes,2012,T5 (Transporter) ,14,12.93
BMW,3150.00,sedan,200,2.00,Diesel,no,1999,320,27,7.14
Toyota,12300.00,sedan,157,2.40,Gas,yes,2007,Camry,19,7.85
Toyota,45500.00,crossover,45,3.50,Petrol,yes,2015,Highlander,11,3.75
Renault,6500.00,other,406,2.50,Diesel,yes,2004,Master,22,17.65
Toyota,18999.00,crossover,95,2.00,Petrol,yes,2011,Rav 4,15,5.94
BMW,8500.00,sedan,260,2.20,Gas,yes,2001,520,25,10.00
Mercedes-Benz,8500.00,van,350,2.20,Diesel,yes,2004,Sprinter 211,22,15.22
Toyota,13500.00,crossover,126,4.00,Petrol,no,2011,Land Cruiser Prado,15,7.88
Volkswagen,2200.00,sedan,180,1.90,Diesel,no,2003,Passat B5,23,7.50
Volkswagen,18500.00,vagon,125,2.00,Diesel,yes,2011,Passat B7,15,7.81
Toyota,8420.00,other,150,2.70,Gas,yes,2005,Tacoma,21,6.82
Audi,17500.00,vagon,144,2.00,Diesel,yes,2010,A4,16,8.47
Audi,9000.00,sedan,158,2.00,Gas,yes,2003,A4,23,6.58
Volkswagen,4400.00,hatch,238,1.60,Petrol,yes,1994,Golf III,32,7.21
Renault,7500.00,van,200,2.20,Diesel,yes,2002,Espace,24,8.00
Toyota,17950.00,sedan,87,2.40,Petrol,yes,2010,Camry,16,5.12
BMW,51500.00,crossover,23,3.00,Petrol,yes,2013,X6,13,1.64
Mitsubishi,10800.00,crossover,165,3.00,Gas,yes,2007,Pajero Sport,19,8.25
Volkswagen,33700.00,van,11,1.40,Petrol,yes,2016,Touran,10,1.00
Volkswagen,17000.00,crossover,158,2.50,Diesel,yes,2007,Touareg,19,7.90
Volkswagen,11200.00,crossover,1,4.20,Petrol,yes,2004,Touareg,22,0.04
BMW,4500.00,sedan,140,3.00,Diesel,no,2000,530,26,5.19
Toyota,43999.00,other,0,2.80,Diesel,yes,2016,Hilux,10,0.00
Audi,39800.00,sedan,180,4.20,Other,yes,2012,A8,14,12.00
BMW,6500.00,sedan,272,2.80,Petrol,yes,1996,328,30,8.77
Volkswagen,18700.00,vagon,196,2.00,Diesel,yes,2011,Passat B7,15,12.25
Audi,38500.00,vagon,75,2.00,Diesel,yes,2013,Q3,13,5.36
BMW,8200.00,sedan,241,2.00,Petrol,yes,1998,320,28,8.31
Audi,7500.00,vagon,240,2.00,Petrol,yes,2002,A4,24,9.60
Toyota,11550.00,sedan,95,2.40,Petrol,yes,2007,Camry,19,4.75
Mercedes-Benz,39500.00,sedan,30,1.60,Petrol,yes,2014,C-Class,12,2.31
Volkswagen,6200.00,sedan,161,4.20,Gas,no,2004,Phaeton,22,7.00
BMW,17200.00,crossover,308,4.60,Gas,yes,2003,X5,23,12.83
BMW,2900.00,sedan,280,2.50,Diesel,no,1997,525,29,9.33
Renault,14600.00,other,169,2.30,Diesel,yes,2013,Master,13,12.07
BMW,34900.00,crossover,110,4.40,Petrol,yes,2010,X6,16,6.47
Toyota,126902.16,crossover,0,4.50,Diesel,yes,2015,Land Cruiser 200,11,0.00
BMW,15299.00,other,136,,Petrol,yes,2008,523,18,7.16
Mercedes-Benz,7000.00,other,170,2.20,Petrol,no,2001,CLK 220,25,6.54
Mercedes-Benz,32000.00,van,255,3.00,Diesel,yes,2008,Sprinter 318,18,13.42
Renault,7500.00,vagon,168,1.50,Diesel,yes,2005,Grand Scenic,21,7.64
Volkswagen,9000.00,other,217,2.50,Diesel,yes,2005,T5 (Transporter),21,9.86
Mitsubishi,7000.00,sedan,180,1.60,Gas,yes,2004,Lancer,22,7.83
Mercedes-Benz,126902.16,crossover,0,5.50,Petrol,yes,2016,GLS 63,10,0.00
Audi,2700.00,sedan,234,2.50,Other,no,2000,A6,26,8.67
Volkswagen,10950.00,van,165,2.00,Diesel,yes,2012,Caddy,14,11.00
Toyota,15500.00,sedan,120,3.50,Petrol,yes,2008,Camry,18,6.32
Mercedes-Benz,8700.00,sedan,210,5.00,Petrol,yes,1997,S 500,29,7.00
Mercedes-Benz,6000.00,van,200,2.20,Diesel,yes,2000,Vito,26,7.41
Mitsubishi,16950.00,crossover,135,3.00,Gas,yes,2008,Pajero Wagon,18,7.11
Mercedes-Benz,15000.00,crossover,400,3.00,Diesel,yes,1997,Sprinter 212,29,13.33
Toyota,26500.00,crossover,102,2.50,Diesel,yes,2013,Hilux,13,7.29
Mercedes-Benz,3100.00,vagon,400,2.20,Diesel,no,2002,C-Class,24,16.00
Toyota,59900.00,crossover,90,4.50,Diesel,yes,2012,Land Cruiser 200,14,6.00
Toyota,63000.00,crossover,3,4.20,Diesel,yes,2013,Land Cruiser 76,13,0.21
Mercedes-Benz,19800.00,crossover,218,3.00,Diesel,yes,2006,ML 280,20,10.38
Volkswagen,13000.00,van,110,1.90,Diesel,yes,2009,T5 (Transporter),17,6.11
Audi,12200.00,sedan,130,2.40,Petrol,yes,2006,A6,20,6.19
Mitsubishi,5700.00,other,170,1.30,Petrol,yes,2006,Colt,20,8.10
Audi,2550.00,sedan,370,2.50,Diesel,no,1998,A6,28,12.76
Toyota,13500.00,sedan,144,3.50,Gas,yes,2007,Camry,19,7.20
Renault,10200.00,van,183,2.00,Diesel,yes,2012,Trafic,14,12.20
Audi,13000.00,other,161,1.80,Gas,yes,2001,TT,25,6.19
Volkswagen,10500.00,sedan,210,5.00,Diesel,yes,2004,Phaeton,22,9.13
BMW,3100.00,sedan,315,2.50,Diesel,no,1998,525,28,10.86
BMW,9400.00,sedan,221,4.40,Gas,yes,2004,745,22,9.61
Audi,10000.00,sedan,206,2.50,Diesel,yes,2003,A6,23,8.58
Mitsubishi,4200.00,sedan,270,2.00,Gas,yes,1998,Galant,28,9.31
Renault,7500.00,sedan,131,1.60,Petrol,yes,2009,Megane,17,7.28
Mercedes-Benz,38600.00,other,12,1.80,Petrol,yes,2012,E-Class,14,0.80
Toyota,8900.00,hatch,140,1.60,Petrol,yes,2008,Auris,18,7.37
Renault,4800.00,van,113,6.15,Diesel,yes,2006,Kangoo,20,5.38
Toyota,24000.00,crossover,270,4.20,Diesel,yes,1994,Land Cruiser 80,32,8.18
Mercedes-Benz,51500.00,other,75,6.15,Petrol,yes,2009,CL 63 AMG,17,4.17
Mercedes-Benz,5100.00,sedan,270,3.20,Diesel,no,2001,S 320,25,10.38
Mitsubishi,4999.00,sedan,60,1.60,Petrol,yes,2007,Lancer,19,3.00
Mitsubishi,6666.00,sedan,162,,Petrol,yes,2007,Lancer,19,8.10
Mitsubishi,9450.00,sedan,125,2.00,Gas,yes,2008,Lancer X,18,6.58
Audi,3850.00,vagon,215,2.50,Diesel,no,2002,A6,24,8.60
Renault,7800.00,vagon,170,1.50,Diesel,no,2013,Megane,13,12.14
Audi,49700.00,crossover,80,3.00,Diesel,yes,2013,Q7,13,5.71
Mitsubishi,9000.00,sedan,78,2.40,Gas,yes,2006,Galant,20,3.71
Toyota,18990.00,crossover,95,2.00,Petrol,yes,2011,Rav 4,15,5.94
Mitsubishi,7200.00,sedan,102,1.60,Petrol,yes,2007,Lancer,19,5.10
BMW,117000.00,crossover,1,,Other,yes,2016,X6 M,10,0.09
Volkswagen,11900.00,other,112,2.00,Diesel,yes,2011,T6 (Transporter) ,15,7.00
Toyota,2800.00,sedan,287,1.30,Petrol,yes,1995,Corolla,31,8.97
Volkswagen,2200.00,sedan,272,1.90,Diesel,no,1998,Passat B5,28,9.38
Mitsubishi,17500.00,crossover,170,3.80,Gas,yes,2008,Pajero Wagon,18,8.95
Audi,49900.00,other,79,4.20,Petrol,yes,2007,R8,19,3.95
Volkswagen,8650.00,van,238,2.50,Diesel,yes,2002,T4 (Transporter),24,9.52
Audi,8800.00,sedan,205,1.80,Petrol,yes,2003,A4,23,8.54
Mercedes-Benz,69999.00,crossover,0,2.20,Diesel,yes,2016,GLE-Class,10,0.00
Volkswagen,8910.53,hatch,103,1.40,Petrol,yes,2012,Polo,14,6.87
Toyota,15500.00,crossover,165,2.70,Gas,yes,2005,Land Cruiser Prado,21,7.50
Audi,19500.00,crossover,175,3.60,Petrol,yes,2007,Q7,19,8.75
Toyota,27700.00,sedan,21,2.50,Petrol,yes,2015,Camry,11,1.75
Volkswagen,9600.00,van,255,1.90,Diesel,yes,2004,T5 (Transporter),22,11.09
BMW,12500.00,crossover,176,3.00,Gas,yes,2002,X5,24,7.04
Audi,4799.00,vagon,260,2.50,Diesel,no,2002,A6 Allroad,24,10.40
Toyota,20900.00,sedan,70,2.50,Petrol,yes,2012,Camry,14,4.67
Audi,14900.00,sedan,203,2.80,Petrol,yes,2008,A6,18,10.68
Toyota,12750.00,hatch,164,1.40,Diesel,yes,2012,Auris,14,10.93
BMW,5900.00,hatch,243,2.00,Petrol,no,2006,116,20,11.57
Mercedes-Benz,2700.00,sedan,400,2.90,Diesel,yes,1997,E-Class,29,13.33
Audi,4700.00,sedan,400,2.60,Petrol,yes,1996,A6,30,12.90
Audi,9500.00,other,0,,Other,yes,2003,A6,23,0.00
BMW,77000.00,other,64,4.40,Petrol,yes,2012,M6,14,4.27
Renault,5900.00,van,250,1.90,Diesel,yes,2005,Trafic,21,11.36
Volkswagen,24000.00,sedan,67,1.80,Petrol,yes,2012,Passat CC,14,4.47
Audi,18400.00,vagon,151,2.00,Diesel,yes,2010,A4,16,8.88
Mercedes-Benz,56800.00,sedan,74,6.15,Petrol,yes,2010,S 63 AMG,16,4.35
Renault,8000.00,hatch,50,1.60,Petrol,yes,2012,Sandero,14,3.33
Mercedes-Benz,5000.00,sedan,382,2.00,Petrol,yes,1994,E-Class,32,11.58
Mitsubishi,9900.00,sedan,98,2.00,Petrol,yes,2009,Lancer X,17,5.44
Mercedes-Benz,18900.00,other,111,2.50,Petrol,yes,2009,C-Class,17,6.17
Toyota,20500.00,crossover,139,4.00,Gas,yes,2005,Land Cruiser Prado,21,6.32
Volkswagen,2500.00,vagon,232,1.60,Petrol,no,2001,Golf IV,25,8.92
Renault,9000.00,vagon,179,1.50,Diesel,yes,2010,Megane,16,10.53
Renault,7700.00,sedan,100,1.60,Gas,yes,2008,Megane,18,5.26
Audi,32300.00,hatch,54,2.80,Petrol,yes,2011,A6,15,3.38
Mercedes-Benz,72700.00,van,42,2.20,Diesel,yes,2014,V 250,12,3.23
Renault,6200.00,sedan,246,1.40,Petrol,yes,2005,Megane,21,11.18
Audi,4000.00,sedan,400,2.00,Petrol,yes,1992,100,34,11.43
Toyota,9003.15,sedan,43,1.30,Petrol,yes,2014,Corolla,12,3.31
Mercedes-Benz,14900.00,other,195,3.20,Gas,yes,1999,CLK 320,27,6.96
Audi,2200.00,sedan,250,,Diesel,no,2001,A6,25,9.62
BMW,65393.25,crossover,0,2.00,Diesel,yes,2016,X5,10,0.00
Renault,9000.00,van,158,2.00,Diesel,yes,2012,Trafic,14,10.53
Audi,8500.00,sedan,253,2.50,Diesel,yes,2001,A6,25,9.73
Renault,5900.00,hatch,171,1.50,Other,yes,2005,Megane,21,7.77
Mitsubishi,5100.00,hatch,250,1.30,Gas,yes,2006,Colt,20,11.90
Mercedes-Benz,40500.00,sedan,108,5.50,Petrol,yes,2010,S 500,16,6.35
Audi,8600.00,sedan,154,1.80,Petrol,yes,2001,A6,25,5.92
Mitsubishi,5900.00,sedan,142,1.60,Gas,yes,2005,Lancer,21,6.45
Volkswagen,17900.00,other,123,1.80,Petrol,yes,2010,Passat CC,16,7.24
BMW,34400.00,crossover,37,2.00,Diesel,yes,2013,X1,13,2.64
BMW,13500.00,sedan,138,2.50,Petrol,yes,2004,525,22,6.00
Renault,9600.00,van,175,2.00,Diesel,yes,2007,Trafic,19,8.75
Mercedes-Benz,15000.00,other,82,1.80,Petrol,yes,2004,SLK 200,22,3.57
Mercedes-Benz,22000.00,other,53,3.00,Petrol,yes,2007,CLK 280,19,2.65
Volkswagen,13700.00,other,200,2.50,Diesel,yes,2005,Touareg,21,9.09
BMW,38000.00,sedan,61,,Petrol,yes,2013,535,13,4.36
Toyota,18800.00,sedan,47,2.40,Petrol,yes,2009,Camry,17,2.61
Volkswagen,7600.00,hatch,127,1.40,Petrol,yes,2007,Polo,19,6.35
Toyota,11950.00,hatch,120,1.40,Petrol,yes,2013,Auris,13,8.57
Audi,11300.00,sedan,202,2.70,Diesel,no,2008,A6,18,10.63
Volkswagen,13500.00,van,43,2.00,Diesel,yes,2014,T5 (Transporter) ,12,3.31
Toyota,11990.00,sedan,129,2.40,Petrol,yes,2007,Camry,19,6.45
Toyota,16500.00,other,130,2.70,Gas,yes,2004,Land Cruiser Prado,22,5.65
BMW,19000.00,crossover,215,3.00,Diesel,yes,2006,X5,20,10.24
Renault,5500.00,van,160,1.50,Diesel,yes,2005,Kangoo,21,7.27
BMW,39999.00,sedan,45,3.00,Petrol,yes,2011,535,15,2.81
Toyota,15500.00,sedan,140,2.40,Gas,yes,2007,Camry,19,7.00
Mitsubishi,11700.00,crossover,197,3.00,Gas,yes,2006,Pajero Sport,20,9.38
Volkswagen,2750.00,vagon,1,1.90,Diesel,no,2001,Passat B5,25,0.04
Renault,7150.00,vagon,1,1.50,Diesel,yes,2005,Megane,21,0.05
BMW,10500.00,hatch,220,2.00,Petrol,yes,2005,118,21,10.00
Mercedes-Benz,24900.00,sedan,97,1.80,Petrol,yes,2012,E-Class,14,6.47
Mercedes-Benz,26000.00,other,22,1.80,Petrol,yes,2014,C-Class,12,1.69
Mercedes-Benz,21500.00,crossover,148,6.15,Petrol,yes,2008,ML 63 AMG,18,7.79
BMW,2222.00,sedan,268,1.80,Petrol,no,1996,318,30,8.65
BMW,2900.00,vagon,236,2.00,Diesel,no,2001,320,25,9.08
Volkswagen,4600.00,hatch,1,1.80,Gas,yes,1996,Golf III,30,0.03
Mercedes-Benz,3200.00,sedan,198,2.00,Gas,yes,1992,190,34,5.66
Mitsubishi,19400.00,crossover,78,2.40,Petrol,yes,2012,Outlander XL,14,5.20
Renault,4000.00,sedan,215,1.90,Diesel,no,2005,Laguna,21,9.77
BMW,65099.00,crossover,0,2.00,Diesel,yes,2016,X5,10,0.00
BMW,53999.00,sedan,80,2.99,Diesel,yes,2012,550,14,5.33
Renault,9200.00,vagon,155,1.50,Diesel,yes,2010,Clio,16,9.12
Mitsubishi,19400.00,crossover,78,,Petrol,yes,2012,Outlander XL,14,5.20
Mercedes-Benz,109999.00,van,0,2.20,Diesel,yes,2016,V 250,10,0.00
Mercedes-Benz,23500.00,van,170,2.20,Diesel,yes,2011,Vito,15,10.62
Audi,4800.00,sedan,390,2.60,Petrol,yes,1993,100,33,11.47
Toyota,13500.00,sedan,100,2.40,Petrol,yes,2007,Camry,19,5.00
Toyota,8700.00,sedan,131,1.60,Gas,yes,2007,Corolla,19,6.55
Mercedes-Benz,12300.00,sedan,423,5.00,Gas,yes,1997,S 500,29,14.10
Mitsubishi,7900.00,other,148,1.80,Petrol,yes,2003,Pajero Pinin,23,6.17
Volkswagen,10700.00,van,153,2.00,Diesel,yes,2010,Caddy,16,9.00
Renault,6800.00,van,185,1.60,Other,yes,2006,Kangoo,20,8.81
Renault,8500.00,van,157,1.50,Diesel,no,2013,Scenic,13,11.21
Mitsubishi,18700.00,crossover,97,3.20,Diesel,yes,2009,Pajero Wagon,17,5.39
BMW,1900.00,vagon,285,2.50,Diesel,no,1997,525,29,9.50
Mercedes-Benz,15500.00,van,75,2.00,Diesel,yes,2011,Vito,15,4.69
Volkswagen,8700.00,hatch,148,1.40,Other,yes,2008,Polo,18,7.79
Mercedes-Benz,47300.00,sedan,121,3.00,Diesel,yes,2012,S 350,14,8.07
BMW,5000.00,sedan,400,2.50,Petrol,yes,1991,525,35,11.11
Toyota,24000.00,crossover,73,4.00,Petrol,yes,2008,Land Cruiser Prado,18,3.84
Volkswagen,14800.00,sedan,85,1.40,Petrol,yes,2013,Jetta,13,6.07
Mitsubishi,5500.00,crossover,1,2.00,Petrol,yes,1986,Pajero,40,0.02
Mercedes-Benz,6400.00,van,290,2.20,Diesel,yes,1999,Vito,27,10.36
Mitsubishi,19000.00,crossover,139,2.40,Gas,yes,2011,Outlander XL,15,8.69
Mercedes-Benz,11700.00,van,211,2.20,Diesel,yes,2007,Vito,19,10.55
Volkswagen,6500.00,vagon,101,2.00,Diesel,yes,2011,Passat B6,15,6.31
Volkswagen,4999.00,sedan,145,2.00,Petrol,yes,2000,Bora,26,5.37
Volkswagen,1900.00,hatch,100,1.60,Petrol,yes,1989,Golf II,37,2.63
Renault,8999.00,vagon,100,1.50,Diesel,yes,2009,Kangoo,17,5.56
Volkswagen,12700.00,van,164,1.60,Diesel,yes,2012,Touran,14,10.93
Mercedes-Benz,2200.00,sedan,168,2.00,Petrol,no,1994,E-Class,32,5.09
BMW,32500.00,vagon,65,2.00,Petrol,yes,2014,328,12,5.00
Volkswagen,16800.00,vagon,149,1.40,Gas,yes,2013,Passat B7,13,10.64
Mercedes-Benz,8999.00,van,360,2.20,Diesel,yes,2006,Vito,20,17.14
Audi,2500.00,sedan,407,2.80,Gas,no,1999,A6,27,14.54
BMW,37000.00,sedan,95,4.40,Petrol,yes,2011,750,15,5.94
Volkswagen,19500.00,sedan,82,1.80,Petrol,yes,2011,Passat B7,15,5.12
Volkswagen,10900.00,van,240,2.50,Diesel,yes,2007,T5 (Transporter),19,12.00
BMW,36500.00,sedan,33,2.00,Diesel,yes,2014,328,12,2.54
Renault,7300.00,van,154,1.50,Diesel,yes,2012,Kangoo,14,10.27
BMW,17500.00,vagon,125,3.00,Diesel,yes,2006,530,20,5.95
Audi,24500.00,sedan,122,4.00,Diesel,yes,2008,A8,18,6.42
Toyota,15500.00,crossover,146,2.40,Gas,yes,2008,Rav 4,18,7.68
Mercedes-Benz,4050.00,sedan,200,,Diesel,yes,2001,S 320,25,7.69
Mitsubishi,25000.00,crossover,0,2.00,Petrol,yes,2016,Outlander,10,0.00
Mercedes-Benz,11900.00,sedan,167,1.80,Petrol,yes,2005,C-Class,21,7.59
Mercedes-Benz,8000.00,van,40,2.90,Diesel,yes,1999,Sprinter 212,27,1.43
Mitsubishi,16900.00,crossover,126,3.00,Gas,yes,2008,Pajero Wagon,18,6.63
Toyota,8800.00,crossover,205,2.00,Petrol,yes,2002,Rav 4,24,8.20
BMW,13000.00,sedan,220,2.50,Petrol,yes,2005,523,21,10.00
Renault,7500.00,van,43,1.50,Diesel,yes,2013,Kangoo,13,3.07
Toyota,8300.00,sedan,140,3.00,Petrol,yes,2002,Camry,24,5.60
Toyota,18700.00,crossover,250,4.70,Gas,yes,2004,Land Cruiser 100,22,10.87
Toyota,28787.85,sedan,0,2.50,Petrol,yes,2016,Camry,10,0.00
Mercedes-Benz,16500.00,sedan,190,2.20,Diesel,yes,2007,C-Class,19,9.50
Mitsubishi,13900.00,crossover,127,3.00,Petrol,yes,2008,Outlander XL,18,6.68
Audi,1585.28,vagon,400,1.90,Diesel,no,1994,80,32,12.12
Toyota,20859.15,crossover,1,2.00,Petrol,yes,2016,Rav 4,10,0.09
Mitsubishi,28800.00,crossover,100,3.20,Diesel,yes,2013,Pajero Wagon,13,7.14
Mercedes-Benz,34900.00,crossover,64,2.20,Diesel,yes,2013,GLK 220,13,4.57
BMW,37500.00,other,45,2.00,Petrol,yes,2013,520,13,3.21
Mercedes-Benz,19700.00,sedan,220,2.20,Diesel,yes,2009,E-Class,17,12.22
Mercedes-Benz,12800.00,other,116,2.20,Diesel,yes,2013,Vito,13,8.29
Mercedes-Benz,8000.00,van,293,,Diesel,yes,1999,Vito,27,10.46
Renault,4600.00,van,265,1.50,Diesel,yes,2008,Kangoo,18,13.95
Mercedes-Benz,17977.00,van,322,3.00,Diesel,yes,2007,Sprinter 318,19,16.10
Volkswagen,11962.00,sedan,0,1.60,Petrol,yes,2015,Polo,11,0.00
Volkswagen,12500.00,vagon,195,1.60,Diesel,yes,2013,Golf VI,13,13.93
Volkswagen,9200.00,van,268,2.50,Diesel,yes,2003,T4 (Transporter),23,11.17
Mercedes-Benz,28500.00,sedan,148,2.20,Diesel,yes,2011,E-Class,15,9.25
Volkswagen,16950.00,sedan,38,2.00,Diesel,yes,2014,Jetta,12,2.92
Mercedes-Benz,24750.00,sedan,212,5.50,Petrol,yes,2006,S 500,20,10.10
Mercedes-Benz,57000.00,crossover,3,2.20,Diesel,yes,2015,ML 250,11,0.25
Toyota,11300.00,hatch,87,1.20,Petrol,yes,2009,IQ,17,4.83
Mercedes-Benz,51000.00,sedan,119,4.70,Petrol,yes,2012,S 500,14,7.93
Audi,3000.00,vagon,270,1.90,Diesel,no,2001,A4,25,10.38
Toyota,9800.00,other,250,1.80,Petrol,yes,2000,Celica,26,9.26
Volkswagen,12850.00,crossover,200,2.50,Diesel,yes,2006,Touareg,20,9.52
Mercedes-Benz,34999.00,sedan,150,2.80,Petrol,yes,1969,S 280,57,2.59
BMW,52300.00,sedan,55,3.00,Diesel,yes,2013,5 Series GT,13,3.93
BMW,3650.00,sedan,300,2.00,Petrol,yes,1990,520,36,8.11
BMW,39900.00,crossover,82,3.00,Petrol,yes,2011,X6,15,5.12
Renault,7400.00,vagon,200,1.50,Diesel,yes,2007,Megane,19,10.00
Volkswagen,13999.00,van,175,2.00,Diesel,yes,2012,T5 (Transporter) ,14,11.67
Mercedes-Benz,15500.00,sedan,270,3.20,Diesel,no,2007,S 320,19,13.50
Renault,8500.00,vagon,130,1.50,Diesel,yes,2012,Clio,14,8.67
BMW,32500.00,other,86,3.00,Petrol,yes,2010,5 Series GT,16,5.06
Toyota,14700.00,sedan,131,3.50,Gas,yes,2007,Camry,19,6.55
Volkswagen,6500.00,van,310,1.90,Diesel,yes,1997,T4 (Transporter),29,10.33
Renault,7800.00,van,139,1.50,Diesel,yes,2013,Kangoo,13,9.93
Mercedes-Benz,8700.00,van,290,2.20,Diesel,yes,2005,Vito,21,13.18
Renault,9000.00,hatch,56,1.60,Petrol,yes,2011,Megane,15,3.50
Mercedes-Benz,14800.00,van,139,3.00,Diesel,yes,2008,Vito,18,7.32
Toyota,13400.00,sedan,125,2.40,Petrol,yes,2008,Camry,18,6.58
Volkswagen,2650.00,hatch,280,1.80,Petrol,yes,1987,Golf II,39,7.00
BMW,7777.00,other,375,4.00,Diesel,yes,2000,740,26,13.89
Toyota,6900.00,hatch,92,1.30,Petrol,yes,2006,Yaris,20,4.38
Mercedes-Benz,1850.00,sedan,281,2.00,Diesel,yes,1985,190,41,6.69
Volkswagen,10500.00,other,270,2.50,Diesel,yes,2007,T5 (Transporter),19,13.50
Audi,7800.00,sedan,90,2.20,Gas,yes,1994,S4,32,2.73
Mercedes-Benz,4100.00,sedan,215,4.30,Petrol,no,2001,CLK 430,25,8.27
BMW,4400.00,sedan,260,2.00,Gas,yes,1990,520,36,7.03
BMW,41500.00,crossover,176,3.00,Diesel,yes,2012,X5,14,11.73
Mercedes-Benz,13999.00,van,98,2.20,Diesel,yes,2011,Vito,15,6.12
Mercedes-Benz,16800.00,van,116,2.20,Diesel,yes,2013,Vito,13,8.29
BMW,58500.00,crossover,80,3.00,Diesel,yes,2013,X5 M,13,5.71
Volkswagen,10200.00,sedan,280,1.80,Petrol,yes,2006,Passat B5,20,13.33
Mitsubishi,13300.00,crossover,110,2.40,Gas,yes,2008,Outlander XL,18,5.79
Renault,6300.00,van,180,1.50,Diesel,yes,2012,Kangoo,14,12.00
Audi,16999.00,hatch,69,1.40,Petrol,yes,2012,A1,14,4.60
Toyota,20100.00,crossover,48,2.00,Petrol,yes,2012,Rav 4,14,3.20
Volkswagen,10800.00,sedan,100,1.80,Petrol,yes,2008,Passat B6,18,5.26
Mercedes-Benz,126902.16,sedan,37,4.70,Petrol,yes,2014,S 500,12,2.85
Mercedes-Benz,14200.00,sedan,245,2.20,Diesel,yes,2007,E-Class,19,12.25
BMW,4700.00,sedan,333,3.00,Petrol,yes,1994,730,32,10.09
BMW,5700.00,sedan,252,2.50,Diesel,yes,1997,525,29,8.40
BMW,11900.00,sedan,300,2.50,Gas,yes,2004,525,22,13.04
Mercedes-Benz,3750.00,vagon,330,2.20,Gas,yes,1995,E-Class,31,10.31
Mercedes-Benz,2700.00,sedan,350,3.00,Diesel,yes,1988,300,38,8.97
Volkswagen,2999.00,vagon,239,1.90,Diesel,no,2003,Passat B5,23,9.96
Mercedes-Benz,8600.00,sedan,240,3.20,Diesel,yes,2001,E-Class,25,9.23
Toyota,6950.00,sedan,192,2.00,Petrol,yes,2003,Avensis,23,8.00
Mitsubishi,22900.00,crossover,69,2.40,Petrol,yes,2014,Outlander XL,12,5.31
Volkswagen,8900.00,sedan,185,1.60,Petrol,yes,2007,Jetta,19,9.25
Volkswagen,7500.00,van,317,1.90,Diesel,yes,2008,T5 (Transporter) ,18,16.68
BMW,28700.00,sedan,160,3.00,Petrol,yes,2011,528,15,10.00
Mercedes-Benz,12000.00,other,218,2.20,Diesel,yes,2007,Vito,19,10.90
BMW,10999.00,sedan,150,2.00,Gas,yes,2003,320,23,6.25
Audi,23000.00,crossover,167,3.60,Petrol,yes,2008,Q7,18,8.79
Volkswagen,16500.00,sedan,87,,Other,yes,2012,Passat B7,14,5.80
Audi,2550.00,vagon,1,2.50,Diesel,no,1998,A6,28,0.03
Toyota,8800.00,crossover,388,4.20,Diesel,yes,1997,Land Cruiser 80,29,12.93
Renault,10000.00,van,220,2.00,Diesel,yes,2007,Trafic,19,11.00
Renault,6300.00,van,73,1.50,Diesel,yes,2008,Kangoo,18,3.84
Toyota,13800.00,other,160,3.50,Gas,yes,2006,Camry,20,7.62
Volkswagen,10750.00,van,176,2.00,Diesel,yes,2012,T5 (Transporter) ,14,11.73
Volkswagen,12500.00,van,207,1.90,Diesel,yes,2007,Sharan,19,10.35
Mercedes-Benz,5500.00,sedan,250,2.20,Diesel,no,2003,E-Class,23,10.42
Volkswagen,13300.00,van,250,2.50,Diesel,yes,2008,T5 (Transporter),18,13.16
Volkswagen,20000.00,crossover,115,2.50,Diesel,yes,2008,Touareg,18,6.05
Volkswagen,2500.00,sedan,324,1.60,Diesel,yes,1984,Jetta,42,7.53
Renault,3500.00,van,30,1.40,Gas,yes,2006,Kangoo,20,1.43
Renault,9300.00,sedan,94,1.50,Diesel,yes,2011,Fluence,15,5.88
Audi,30500.00,sedan,110,3.00,Petrol,yes,2011,A6,15,6.88
Audi,18300.00,vagon,190,2.00,Diesel,yes,2011,A6,15,11.88
Audi,41000.00,crossover,88,4.20,Diesel,yes,2010,Q7,16,5.18
BMW,4100.00,hatch,160,1.60,Petrol,yes,2004,1 Series,22,6.96
Volkswagen,22500.00,van,62,2.00,Diesel,yes,2011,Caravelle,15,3.88
Volkswagen,8900.00,van,272,1.90,Diesel,yes,2005,Caddy,21,12.36
BMW,13950.00,crossover,278,3.00,Diesel,yes,2003,X5,23,11.58
Volkswagen,8999.00,van,125,1.60,Diesel,yes,2011,Caddy,15,7.81
Toyota,14100.00,hatch,67,1.60,Petrol,yes,2012,Auris,14,4.47
Volkswagen,6950.00,sedan,132,1.60,Other,yes,2004,Bora,22,5.74
Volkswagen,7350.00,hatch,180,1.40,Petrol,yes,2003,Golf IV,23,7.50
Mercedes-Benz,17500.00,other,180,3.00,Diesel,yes,2008,Vito,18,9.47
Mercedes-Benz,20500.00,sedan,222,5.50,Petrol,yes,2006,S 500,20,10.57
Renault,6700.00,van,1,,Diesel,yes,2012,Kangoo,14,0.07
Mercedes-Benz,115000.00,sedan,49,4.70,Petrol,yes,2014,S 500,12,3.77
Mitsubishi,11100.00,vagon,132,2.40,Gas,yes,2006,Grandis,20,6.29
BMW,29900.00,sedan,175,2.00,Diesel,yes,2011,520,15,10.94
Toyota,17595.00,sedan,131,2.00,Petrol,yes,2011,Avensis,15,8.19
Volkswagen,6800.00,van,170,2.00,Gas,no,2011,Caddy,15,10.62
Volkswagen,6500.00,other,440,1.90,Diesel,yes,1998,T4 (Transporter),28,15.17
Audi,4150.00,vagon,249,2.50,Diesel,no,2004,A6,22,10.83
Toyota,32950.00,other,50,5.70,Petrol,yes,2013,Tundra,13,3.57
Mercedes-Benz,7500.00,other,406,2.20,Diesel,yes,2003,Vito,23,16.92
BMW,33700.00,crossover,134,4.40,Petrol,yes,2009,X6,17,7.44
Mitsubishi,8350.00,sedan,98,1.50,Petrol,yes,2010,Lancer X,16,5.76
BMW,4100.00,sedan,350,2.40,Diesel,yes,1992,525,34,10.00
BMW,4700.00,sedan,230,2.50,Petrol,yes,1990,525,36,6.22
Mercedes-Benz,14500.00,van,207,2.20,Diesel,yes,2008,Vito,18,10.89
Mercedes-Benz,9600.00,van,184,2.20,Diesel,yes,2012,Vito,14,12.27
Mercedes-Benz,17800.00,van,162,1.80,Diesel,yes,2012,B 180,14,10.80
Mercedes-Benz,40000.00,crossover,152,5.00,Gas,yes,2006,G 500,20,7.24
Toyota,24000.00,crossover,152,4.00,Gas,yes,2006,Land Cruiser Prado,20,7.24
Volkswagen,8300.00,other,151,2.00,Petrol,yes,2005,T5 (Transporter),21,6.86
BMW,3800.00,sedan,278,2.90,Diesel,no,2001,530,25,10.69
Audi,27500.00,sedan,150,2.00,Petrol,yes,2013,A6,13,10.71
Volkswagen,5200.00,vagon,248,2.00,Diesel,no,2005,Passat B6,21,11.27
Mercedes-Benz,14200.00,crossover,210,,Gas,yes,2004,ML 350,22,9.13
Volkswagen,8500.00,sedan,220,2.00,Other,yes,2005,Passat B5,21,10.00
Mercedes-Benz,43500.00,sedan,59,4.60,Petrol,yes,2011,S 500,15,3.69
BMW,14000.00,crossover,240,4.40,Gas,yes,2002,X5,24,9.60
Volkswagen,5200.00,van,440,2.40,Diesel,yes,1992,T4 (Transporter),34,12.57
Mercedes-Benz,10000.00,van,440,,Diesel,yes,1998,Sprinter 312,28,15.17
Mitsubishi,11500.00,crossover,191,3.00,Gas,yes,2006,Pajero Sport,20,9.10
BMW,41000.00,sedan,97,4.40,Petrol,yes,2011,750,15,6.06
Mercedes-Benz,62000.00,crossover,150,3.00,Diesel,yes,2013,GL 350,13,10.71
Audi,35900.00,crossover,143,3.00,Diesel,yes,2010,Q7,16,8.41
Mercedes-Benz,8200.00,other,199,2.20,Diesel,yes,2001,Vito,25,7.65
Mercedes-Benz,17300.00,sedan,107,1.80,Petrol,yes,2008,C-Class,18,5.63
BMW,6800.00,crossover,242,6.15,Diesel,no,2005,X3,21,11.00
Audi,30999.00,sedan,2,1.40,Petrol,yes,2016,A3,10,0.18
BMW,3099.00,sedan,230,3.00,Diesel,no,2003,530,23,9.58
Audi,5700.00,vagon,250,2.00,Diesel,no,2006,A4,20,11.90
Volkswagen,7400.00,sedan,178,1.80,Gas,yes,2001,Passat B5,25,6.85
Toyota,14500.00,other,180,2.50,Diesel,yes,2007,Hilux,19,9.00
Volkswagen,7300.00,van,214,1.90,Diesel,yes,2001,T4 (Transporter),25,8.23
Mercedes-Benz,33800.00,crossover,120,3.00,Diesel,yes,2010,ML 350,16,7.06
BMW,3900.00,sedan,330,3.00,Diesel,no,2000,530,26,12.22
Volkswagen,10700.00,van,274,2.50,Diesel,yes,2001,T4 (Transporter),25,10.54
Audi,17800.00,sedan,177,4.20,Petrol,yes,2008,A8,18,9.32
Mitsubishi,14500.00,crossover,167,3.00,Gas,yes,2008,Pajero Wagon,18,8.79
Mercedes-Benz,29900.00,sedan,83,2.20,Diesel,yes,2012,E-Class,14,5.53
Mercedes-Benz,8100.00,van,330,2.20,Diesel,yes,2001,Vito,25,12.69
Mercedes-Benz,29500.00,sedan,64,1.60,Petrol,yes,2013,CLA 200,13,4.57
Mercedes-Benz,12700.00,other,198,2.20,Diesel,yes,2011,Vito,15,12.38
Volkswagen,1585.28,hatch,250,1.90,Diesel,no,1994,Golf III,32,7.58
Volkswagen,12999.00,van,250,1.90,Diesel,yes,2009,T5 (Transporter),17,13.89
Audi,34419.45,sedan,0,1.40,Petrol,yes,2016,Q3,10,0.00
Mitsubishi,8600.00,sedan,145,2.00,Petrol,yes,2009,Lancer X,17,8.06
Renault,10450.00,van,106,2.00,Diesel,yes,2013,Trafic,13,7.57
Mercedes-Benz,17800.00,van,145,2.20,Diesel,yes,2010,Vito,16,8.53
Audi,3550.00,sedan,215,2.50,Diesel,no,2001,A6,25,8.27
Mercedes-Benz,114999.00,crossover,0,2.99,Diesel,yes,2016,GLS 350,10,0.00
Renault,13400.00,vagon,190,1.50,Diesel,yes,2013,Laguna,13,13.57
BMW,2250.00,sedan,350,2.50,Diesel,yes,1998,525,28,12.07
Mitsubishi,14999.00,crossover,115,3.00,Petrol,yes,2008,Outlander XL,18,6.05
Volkswagen,10600.00,van,140,2.00,Diesel,yes,2011,T6 (Transporter) ,15,8.75
Audi,34000.00,crossover,119,2.00,Diesel,yes,2013,Q5,13,8.50
BMW,33500.00,sedan,65,2.00,Petrol,yes,2013,520,13,4.64
Audi,22800.00,sedan,122,2.00,Petrol,yes,2011,A6,15,7.62
BMW,66666.00,crossover,0,2.00,Diesel,yes,2016,X5,10,0.00
Audi,18500.00,crossover,185,3.60,Petrol,yes,2008,Q7,18,9.74
Volkswagen,17900.00,sedan,192,2.50,Diesel,yes,2007,Multivan,19,9.60
Mercedes-Benz,6950.00,other,190,2.20,Diesel,yes,1999,Vito,27,6.79
Mercedes-Benz,105000.00,crossover,1,3.00,Diesel,yes,2016,GLS 350,10,0.09
Renault,11999.00,van,107,2.00,Diesel,yes,2013,Trafic,13,7.64
Renault,8000.00,van,189,1.90,Diesel,yes,2005,Trafic,21,8.59
BMW,4600.00,sedan,280,3.00,Other,no,1999,730,27,10.00
Renault,7400.00,vagon,242,1.50,Diesel,yes,2007,Megane,19,12.10
Audi,27500.00,crossover,147,3.00,Diesel,yes,2008,Q7,18,7.74
Toyota,27500.00,crossover,85,4.00,Petrol,yes,2007,Land Cruiser Prado,19,4.25
Volkswagen,9800.00,van,196,1.60,Diesel,yes,2011,Caddy,15,12.25
Volkswagen,21000.00,crossover,173,3.00,Diesel,yes,2008,Touareg,18,9.11
Audi,9000.00,vagon,199,2.70,Petrol,yes,2003,A6 Allroad,23,8.29
Audi,55000.00,crossover,100,6.00,Diesel,yes,2009,Q7,17,5.56
Mercedes-Benz,38900.00,crossover,65,4.50,Petrol,yes,2010,GL 450,16,3.82
Renault,4000.00,sedan,180,1.40,Gas,yes,2006,Logan,20,8.57
Toyota,13300.00,sedan,152,2.00,Petrol,yes,2009,Avensis,17,8.44
Volkswagen,34500.00,crossover,108,3.00,Diesel,yes,2012,Touareg,14,7.20
BMW,24999.00,vagon,24,2.00,Petrol,yes,2012,X1,14,1.60
Volkswagen,9750.00,hatch,130,1.40,Petrol,yes,2005,Golf V,21,5.91
BMW,5900.00,sedan,390,1.80,Gas,yes,1996,318,30,12.58
Volkswagen,6500.00,van,290,1.90,Diesel,yes,2004,T5 (Transporter) ,22,12.61
Volkswagen,11000.00,vagon,127,1.60,Diesel,yes,2012,Golf VI,14,8.47
Mercedes-Benz,18800.00,sedan,320,5.00,Petrol,yes,1998,S 500,28,11.03
Volkswagen,13700.00,van,222,2.00,Diesel,yes,2011,T5 (Transporter) ,15,13.88
Volkswagen,8500.00,van,184,2.00,Diesel,yes,2007,Caddy,19,9.20
Volkswagen,19100.00,sedan,4,1.60,Other,yes,2016,Jetta,10,0.36
Renault,10200.00,hatch,70,1.50,Diesel,yes,2013,Sandero,13,5.00
Mercedes-Benz,126902.16,other,0,3.00,Petrol,yes,2016,S 400,10,0.00
BMW,7800.00,sedan,310,2.00,Gas,yes,2000,520,26,11.48
Mercedes-Benz,9150.00,sedan,273,2.70,Diesel,yes,2000,E-Class,26,10.11
Renault,7900.00,van,268,1.50,Diesel,yes,2008,Grand Scenic,18,14.11
Toyota,72000.00,crossover,40,4.50,Diesel,yes,2014,Land Cruiser 200,12,3.08
Mercedes-Benz,49500.00,crossover,52,3.00,Diesel,yes,2013,ML 350,13,3.71
Volkswagen,45000.00,sedan,90,3.00,Diesel,yes,2011,Phaeton,15,5.62
Renault,8300.00,van,141,2.00,Diesel,yes,2011,Trafic,15,8.81
Renault,5100.00,vagon,156,1.50,Diesel,yes,2006,Kangoo,20,7.43
Toyota,15300.00,other,116,2.40,Petrol,yes,2009,Camry,17,6.44
Volkswagen,7300.00,van,142,2.00,Diesel,yes,2006,Caddy,20,6.76
Toyota,14700.00,hatch,98,1.60,Gas,yes,2013,Auris,13,7.00
Mercedes-Benz,7900.00,other,197,2.20,Diesel,yes,2003,Vito,23,8.21
Volkswagen,2900.00,vagon,243,1.90,Diesel,no,1999,Passat B5,27,8.68
BMW,3200.00,sedan,237,2.50,Petrol,yes,1990,525,36,6.41
Mercedes-Benz,4400.00,sedan,160,2.70,Diesel,no,2000,E-Class,26,5.93
Toyota,20800.00,crossover,107,4.00,Petrol,yes,2006,Land Cruiser Prado,20,5.10
Toyota,27800.00,crossover,98,2.20,Diesel,yes,2013,Rav 4,13,7.00
Audi,16500.00,vagon,171,2.00,Diesel,yes,2008,A6,18,9.00
Renault,10500.00,van,67,1.60,Petrol,yes,2012,Scenic,14,4.47
Mitsubishi,16999.00,crossover,107,3.00,Gas,yes,2008,Pajero Wagon,18,5.63
Audi,35000.00,sedan,92,2.80,Petrol,yes,2013,A6,13,6.57
Mercedes-Benz,21500.00,crossover,142,3.50,Petrol,yes,2008,ML 350,18,7.47
Mercedes-Benz,15800.00,other,264,2.20,Other,yes,2009,Vito,17,14.67
BMW,75555.00,sedan,30,4.40,Petrol,yes,2014,550,12,2.31
Toyota,8900.00,other,180,2.00,Petrol,yes,2003,Rav 4,23,7.50
Renault,6300.00,vagon,189,1.50,Diesel,yes,2008,Kangoo,18,9.95
Mitsubishi,20500.00,crossover,109,3.20,Diesel,yes,2009,Pajero Wagon,17,6.06
Volkswagen,11300.00,van,165,1.90,Diesel,yes,2010,Caddy,16,9.71
Mercedes-Benz,2300.00,sedan,261,2.30,Gas,yes,1978,E-Class,48,5.33
Volkswagen,42500.00,crossover,63,3.00,Diesel,yes,2014,Touareg,12,4.85
Toyota,28000.00,crossover,95,3.50,Gas,yes,2011,Highlander,15,5.94
Mitsubishi,17500.00,crossover,38,1.80,Petrol,yes,2012,ASX,14,2.53
Volkswagen,7800.00,van,282,2.50,Diesel,yes,2000,T4 (Transporter),26,10.44
Mercedes-Benz,74999.00,crossover,1,2.20,Diesel,yes,2016,GLE-Class,10,0.09
Renault,10200.00,other,39,1.50,Diesel,yes,2014,Kangoo,12,3.00
BMW,22500.00,sedan,179,3.00,Diesel,yes,2007,730,19,8.95
Mercedes-Benz,52777.00,sedan,60,3.00,Diesel,yes,2012,CLS 350,14,4.00
Toyota,14250.00,van,127,3.50,Other,yes,2007,Sienna,19,6.35
Toyota,26200.00,crossover,156,4.00,Gas,yes,2007,Land Cruiser Prado,19,7.80
Volkswagen,9800.00,van,299,2.50,Diesel,yes,2002,T4 (Transporter),24,11.96
Mercedes-Benz,47600.00,van,0,2.20,Diesel,yes,2016,Vito,10,0.00
Volkswagen,8700.00,other,357,2.50,Diesel,yes,2003,T4 (Transporter) ,23,14.88
BMW,30500.00,crossover,147,3.00,Diesel,yes,2008,X5,18,7.74
Renault,11700.00,vagon,177,1.50,Diesel,yes,2012,Laguna,14,11.80
BMW,29500.00,sedan,440,,Petrol,yes,2011,523,15,27.50
Mercedes-Benz,6400.00,hatch,177,2.00,Diesel,no,2008,B 200,18,9.32
BMW,36400.00,crossover,80,3.00,Petrol,yes,2011,X5,15,5.00
Audi,75000.00,crossover,0,3.00,Diesel,yes,2015,Q7,11,0.00
Volkswagen,6000.00,hatch,195,1.20,Gas,yes,2004,Polo,22,8.48
Mercedes-Benz,4900.00,van,248,2.20,Diesel,yes,2003,Vito,23,10.33
Mercedes-Benz,6999.00,sedan,288,3.20,Gas,yes,2001,E-Class,25,11.08
Volkswagen,9900.00,other,171,1.60,Diesel,yes,2011,Caddy,15,10.69
Volkswagen,3500.00,sedan,189,1.80,Petrol,yes,1993,Vento,33,5.56
BMW,1750.00,vagon,200,2.00,Petrol,no,2000,520,26,7.41
Renault,4600.00,sedan,230,1.50,Diesel,yes,2007,Kangoo,19,11.50
Volkswagen,9800.00,van,220,1.90,Diesel,yes,2008,Caddy,18,11.58
Renault,5950.00,van,135,1.50,Diesel,yes,2012,Kangoo,14,9.00
Renault,7400.00,van,120,1.50,Diesel,yes,2012,Kangoo,14,8.00
Audi,12800.00,sedan,217,1.80,Petrol,yes,2007,A4,19,10.85
BMW,7300.00,sedan,350,,Petrol,yes,1997,520,29,11.67
Volkswagen,9000.00,sedan,59,1.60,Gas,yes,2013,Polo,13,4.21
Volkswagen,1585.28,hatch,130,1.30,Petrol,yes,1986,Golf II,40,3.17
Mitsubishi,18600.00,crossover,52,2.00,Petrol,yes,2013,Outlander,13,3.71
BMW,3900.00,sedan,340,2.50,Diesel,no,2000,525,26,12.59
Audi,92222.00,crossover,0,3.00,Diesel,yes,2016,Q7,10,0.00
Volkswagen,5400.00,other,314,2.40,Diesel,yes,1993,T4 (Transporter),33,9.24
Audi,16000.00,sedan,250,2.00,Diesel,yes,2008,A6,18,13.16
Volkswagen,3500.00,other,304,1.90,Diesel,no,2006,Touran,20,14.48
Mercedes-Benz,6500.00,sedan,270,2.80,Gas,yes,1999,E-Class,27,9.64
Mercedes-Benz,7000.00,sedan,300,4.30,Gas,yes,2000,E-Class,26,11.11
Renault,10499.00,vagon,121,1.50,Diesel,yes,2013,Megane,13,8.64
Renault,13900.00,crossover,111,2.50,Gas,yes,2010,Koleos,16,6.53
BMW,6400.00,other,220,2.50,Petrol,yes,1997,323,29,7.33
BMW,10800.00,sedan,246,3.00,Diesel,yes,2003,530,23,10.25
BMW,12700.00,hatch,130,2.00,Petrol,yes,2007,118,19,6.50
BMW,38500.00,sedan,140,2.00,Diesel,yes,2012,520,14,9.33
Mitsubishi,5999.00,sedan,150,1.60,Petrol,yes,2005,Lancer,21,6.82
Renault,9500.00,hatch,77,1.60,Petrol,yes,2011,Megane,15,4.81
Volkswagen,12000.00,van,196,2.00,Diesel,yes,2011,T5 (Transporter) ,15,12.25
Mercedes-Benz,38700.00,sedan,117,5.50,Petrol,yes,2010,S 550,16,6.88
Mercedes-Benz,40000.00,other,119,6.15,Petrol,yes,2008,ML 63 AMG,18,6.26
Mercedes-Benz,6900.00,other,311,2.20,Diesel,yes,1999,Vito,27,11.11
Audi,24300.00,sedan,43,1.80,Petrol,yes,2012,A4,14,2.87
Mitsubishi,17700.00,crossover,165,3.00,Gas,yes,2007,Pajero Wagon,19,8.25
Toyota,18999.00,crossover,153,2.70,Gas,yes,2006,Land Cruiser Prado,20,7.29
BMW,8300.00,sedan,200,4.40,Petrol,yes,2001,740,25,7.69
Toyota,25000.00,crossover,80,4.00,Gas,yes,2008,FJ Cruiser,18,4.21
Mitsubishi,12499.00,crossover,142,2.40,Gas,yes,2008,Outlander XL,18,7.47
BMW,2899.00,sedan,340,2.40,Diesel,yes,1988,524,38,8.72
BMW,19900.00,other,95,4.50,Petrol,yes,2005,645,21,4.32
Audi,51000.00,crossover,44,3.00,Diesel,yes,2014,Q7,12,3.38
Audi,81999.00,crossover,0,2.98,Diesel,yes,2016,Q7,10,0.00
BMW,9500.00,sedan,400,3.50,Gas,yes,1999,735,27,14.29
Mitsubishi,10200.00,crossover,99,2.00,Gas,yes,2008,Outlander,18,5.21
Mercedes-Benz,5500.00,van,260,2.20,Diesel,no,2004,Vito,22,11.30
Volkswagen,18500.00,sedan,74,1.80,Petrol,yes,2011,Passat CC,15,4.62
Volkswagen,11200.00,van,200,2.50,Diesel,yes,2003,T4 (Transporter),23,8.33
BMW,3099.00,sedan,320,2.00,Diesel,no,2000,320,26,11.85
Audi,27300.00,other,65,2.00,Petrol,yes,2011,TT,15,4.06
Volkswagen,1585.28,other,200,1.80,Gas,yes,1987,Jetta,39,5.00
Mitsubishi,9700.00,sedan,120,2.40,Gas,yes,2006,Galant,20,5.71
Mitsubishi,18900.00,crossover,127,3.00,Gas,yes,2008,Pajero Wagon,18,6.68
Audi,33500.00,crossover,67,2.00,Petrol,yes,2011,Q5,15,4.19
Volkswagen,5500.00,van,400,1.90,Diesel,yes,1995,T4 (Transporter),31,12.50
Volkswagen,5300.00,sedan,270,1.80,Gas,yes,1997,Passat B5,29,9.00
Toyota,25500.00,crossover,200,4.00,Petrol,yes,2007,Land Cruiser Prado,19,10.00
Toyota,23660.00,crossover,125,3.50,Gas,yes,2013,Highlander,13,8.93
Volkswagen,3100.00,hatch,311,1.60,Gas,yes,1986,Golf II,40,7.59
Mitsubishi,5900.00,sedan,170,1.60,Petrol,yes,2007,Lancer,19,8.50
Volkswagen,15900.00,sedan,150,2.00,Diesel,yes,2012,Passat B7,14,10.00
Mercedes-Benz,105999.00,crossover,0,2.98,Diesel,yes,2016,GLE-Class,10,0.00
Mercedes-Benz,18500.00,van,170,2.20,Diesel,yes,2010,Vito,16,10.00
BMW,86999.00,crossover,0,3.00,Diesel,yes,2016,X6,10,0.00
BMW,27800.00,sedan,170,2.00,Diesel,yes,2011,520,15,10.62
Volkswagen,9000.00,van,275,2.50,Diesel,yes,2002,T4 (Transporter),24,11.00
Toyota,12200.00,sedan,185,3.50,Petrol,yes,2008,Camry,18,9.74
Toyota,5800.00,sedan,200,2.20,Petrol,yes,1999,Camry,27,7.14
Volkswagen,14499.00,van,164,2.00,Diesel,yes,2013,T5 (Transporter) ,13,11.71
Audi,37000.00,other,170,3.00,Diesel,yes,2010,Q7,16,10.00
Volkswagen,4500.00,hatch,199,1.80,Petrol,yes,1996,Golf III,30,6.42
Audi,6557.85,sedan,327,4.20,Gas,yes,2000,A8,26,12.11
Renault,6800.00,sedan,219,1.60,Gas,yes,2007,Megane,19,10.95
BMW,37900.00,crossover,97,3.00,Diesel,yes,2010,X6,16,5.71
Audi,14200.00,sedan,176,3.00,Diesel,yes,2005,A6,21,8.00
Mitsubishi,9350.00,sedan,94,1.50,Gas,yes,2010,Lancer X,16,5.53
Volkswagen,2200.00,vagon,150,1.60,Petrol,yes,1986,Passat B2,40,3.66
Toyota,3100.00,hatch,283,1.30,Petrol,yes,1994,Corolla,32,8.58
Mitsubishi,8400.00,crossover,100,3.20,Diesel,yes,2011,Pajero Wagon,15,6.25
Audi,30650.00,vagon,35,2.00,Petrol,yes,2013,A4 Allroad,13,2.50
Audi,8800.00,sedan,298,2.40,Gas,yes,1999,A6,27,10.64
Mitsubishi,7699.00,crossover,254,3.00,Petrol,yes,2002,Pajero Sport,24,10.16
Renault,6400.00,van,136,1.50,Diesel,yes,2012,Kangoo,14,9.07
Volkswagen,16200.00,hatch,44,1.40,Petrol,yes,2012,Golf VI,14,2.93
Volkswagen,4100.00,sedan,88,1.80,Gas,yes,1993,Vento,33,2.59
Mercedes-Benz,6800.00,sedan,235,2.20,Diesel,yes,1999,C-Class,27,8.39
Volkswagen,10600.00,sedan,75,1.60,Petrol,yes,2012,Polo,14,5.00
Toyota,13000.00,crossover,149,2.00,Petrol,yes,2006,Rav 4,20,7.10
Toyota,6500.00,sedan,248,2.00,Petrol,yes,2001,Avensis,25,9.54
Audi,25500.00,vagon,181,3.00,Petrol,yes,2009,A6 Allroad,17,10.06
Volkswagen,28000.00,crossover,132,2.00,Diesel,yes,2011,Amarok,15,8.25
Toyota,9800.00,sedan,123,,Petrol,yes,2008,Corolla,18,6.47
Audi,3500.00,sedan,200,2.50,Diesel,no,2001,A8,25,7.69
Volkswagen,14899.00,van,165,2.00,Diesel,yes,2013,Caddy,13,11.79
BMW,3500.00,sedan,300,3.00,Diesel,no,1999,530,27,10.71
BMW,3500.00,sedan,272,2.00,Diesel,yes,2000,320,26,10.07
Volkswagen,71138.00,crossover,0,3.00,Diesel,yes,2016,Touareg,10,0.00
Renault,9658.94,sedan,1,1.20,Petrol,yes,2016,Logan,10,0.09
Volkswagen,13000.00,van,178,2.50,Diesel,yes,2007,T6 (Transporter),19,8.90
Toyota,8000.00,hatch,115,1.60,Petrol,yes,2007,Corolla,19,5.75
BMW,56500.00,crossover,1,2.00,Diesel,yes,2016,X5,10,0.09
Renault,9700.00,vagon,114,1.50,Diesel,yes,2012,Kangoo,14,7.60
Mercedes-Benz,7300.00,hatch,176,1.40,Petrol,yes,2004,A 140,22,7.65
Renault,9000.00,vagon,190,1.50,Diesel,yes,2009,Megane,17,10.56
Volkswagen,17900.00,sedan,96,2.50,Petrol,yes,2013,Passat B7,13,6.86
Volkswagen,10700.00,sedan,147,2.00,Petrol,yes,2007,Passat B6,19,7.35
Mercedes-Benz,11600.00,sedan,186,3.20,Petrol,yes,2003,E-Class,23,7.75
Volkswagen,15000.00,van,275,2.50,Diesel,yes,2008,T5 (Transporter),18,14.47
Volkswagen,8350.00,hatch,200,1.40,Petrol,yes,2005,Golf V,21,9.09
Mercedes-Benz,7700.00,sedan,199,5.00,Petrol,yes,1996,S 500,30,6.42
BMW,47000.00,other,5,2.00,Petrol,yes,2014,Z4,12,0.38
Audi,72000.00,sedan,55,6.15,Petrol,yes,2012,A8,14,3.67
Mitsubishi,17499.00,crossover,149,3.00,Gas,yes,2008,Pajero Wagon,18,7.84
Renault,11300.00,vagon,141,1.50,Diesel,yes,2013,Megane,13,10.07
Toyota,8500.00,sedan,168,1.60,Petrol,yes,2008,Corolla,18,8.84
Mercedes-Benz,14490.00,vagon,212,2.20,Diesel,yes,2008,E-Class,18,11.16
Volkswagen,11999.00,van,176,2.00,Diesel,yes,2011,T5 (Transporter) ,15,11.00
Volkswagen,4300.00,hatch,217,1.60,Gas,yes,1997,Golf III,29,7.23
BMW,35500.00,crossover,33,2.00,Diesel,yes,2014,X1,12,2.54
Toyota,2800.00,other,421,1.30,Gas,yes,1988,Corolla,38,10.79
BMW,37976.25,sedan,0,2.00,Petrol,yes,2016,520,10,0.00
Renault,10500.00,van,183,2.50,Diesel,yes,2006,Trafic,20,8.71
Toyota,74999.00,crossover,1,4.50,Diesel,yes,2016,Land Cruiser 200,10,0.09
Renault,7300.00,van,125,1.50,Diesel,yes,2012,Kangoo,14,8.33
Mitsubishi,12200.00,crossover,140,2.40,Petrol,yes,2007,Outlander XL,19,7.00
Mercedes-Benz,13600.00,van,199,2.20,Diesel,yes,2009,Vito,17,11.06
Audi,5000.00,sedan,280,2.30,Gas,yes,1992,100,34,8.00
Renault,12800.00,other,188,2.00,Diesel,yes,2008,Trafic,18,9.89
Volkswagen,12499.00,other,184,2.00,Diesel,yes,2012,T6 (Transporter) ,14,12.27
Mitsubishi,2800.00,sedan,150,2.00,Gas,yes,1996,Galant,30,4.84
Renault,7300.00,van,200,1.50,Diesel,yes,2007,Megane,19,10.00
Mitsubishi,6800.00,sedan,82,2.00,Petrol,yes,2007,Lancer,19,4.10
Mitsubishi,9500.00,crossover,225,2.40,Gas,yes,2004,Outlander,22,9.78
Audi,15900.00,hatch,160,1.40,Petrol,yes,2011,A3,15,10.00
Volkswagen,8900.00,other,180,1.90,Diesel,yes,2010,Caddy,16,10.59
Toyota,16030.00,sedan,90,2.50,Gas,yes,2012,Camry,14,6.00
BMW,28000.00,sedan,170,2.00,Diesel,yes,2011,520,15,10.62
Audi,10700.00,vagon,222,2.50,Diesel,yes,2005,A6,21,10.09
BMW,25000.00,crossover,150,6.15,Petrol,yes,2007,X5,19,7.50
Mercedes-Benz,7000.00,sedan,230,2.00,Gas,yes,2000,E-Class,26,8.52
Volkswagen,8800.00,van,260,2.50,Diesel,yes,2008,T5 (Transporter) ,18,13.68
Volkswagen,35000.00,crossover,20,2.00,Diesel,yes,2014,Tiguan,12,1.54
Audi,8000.00,vagon,200,2.70,Diesel,yes,2006,A6,20,9.52
Mercedes-Benz,15400.00,sedan,260,2.20,Diesel,yes,2008,E-Class,18,13.68
Volkswagen,7650.00,sedan,325,1.80,Gas,yes,2003,Passat B5,23,13.54
Mitsubishi,10600.00,crossover,52,2.00,Petrol,yes,2008,Outlander,18,2.74
Renault,8200.00,vagon,192,1.50,Diesel,yes,2010,Logan,16,11.29
Volkswagen,8700.00,other,440,2.50,Diesel,yes,1999,T4 (Transporter),27,15.71
BMW,45000.00,sedan,29,2.00,Diesel,yes,2016,520,10,2.64
Volkswagen,5699.00,van,258,2.50,Diesel,yes,2001,T4 (Transporter) ,25,9.92
Mercedes-Benz,13200.00,van,217,3.70,Gas,yes,2005,Viano,21,9.86
Volkswagen,11500.00,van,70,2.00,Diesel,yes,2013,Caddy,13,5.00
BMW,3300.00,sedan,233,6.15,Petrol,no,1997,528,29,7.77
Volkswagen,12700.00,van,213,2.00,Diesel,yes,2012,T5 (Transporter) ,14,14.20
Volkswagen,12300.00,hatch,62,1.40,Petrol,yes,2012,Polo,14,4.13
Mercedes-Benz,35500.00,sedan,100,3.50,Petrol,yes,2010,S 350,16,5.88
Audi,15500.00,sedan,210,2.00,Diesel,yes,2008,A4,18,11.05
Mercedes-Benz,33000.00,crossover,109,2.20,Diesel,yes,2012,GLK 220,14,7.27
BMW,6500.00,sedan,280,2.00,Petrol,yes,1997,320,29,9.33
Volkswagen,2350.00,sedan,11,1.90,Other,no,2000,Passat B5,26,0.41
Volkswagen,17900.00,crossover,130,3.60,Gas,yes,2007,Touareg,19,6.50
BMW,34500.00,other,160,3.00,Diesel,yes,2010,X5,16,9.41
Renault,12300.00,sedan,99,2.50,Petrol,yes,2011,Latitude,15,6.19
Mercedes-Benz,20500.00,sedan,193,3.50,Other,yes,2006,CLS 350,20,9.19
BMW,75555.00,sedan,30,4.40,Petrol,yes,2014,M5,12,2.31
Toyota,12800.00,sedan,145,2.40,Petrol,yes,2008,Camry,18,7.63
Mercedes-Benz,12800.00,other,360,2.20,Diesel,yes,2008,Vito,18,18.95
Audi,6900.00,sedan,327,3.70,Petrol,yes,1997,A8,29,10.90
Volkswagen,17200.00,crossover,220,2.50,Diesel,yes,2006,Touareg,20,10.48
Renault,6800.00,sedan,87,1.40,Petrol,yes,2013,Symbol,13,6.21
Audi,14300.00,other,80,4.20,Petrol,yes,2004,A8,22,3.48
Volkswagen,11600.00,sedan,169,1.40,Gas,no,2013,Passat B7,13,12.07
Volkswagen,11990.00,van,231,2.50,Diesel,yes,2002,T4 (Transporter),24,9.24
BMW,77777.00,sedan,8,4.40,Petrol,yes,2014,750,12,0.62
Mercedes-Benz,6800.00,sedan,186,,Petrol,yes,1998,C-Class,28,6.41
BMW,2800.00,sedan,300,1.80,Other,yes,1987,318,39,7.50
Mercedes-Benz,28500.00,other,65,1.80,Petrol,yes,2011,E-Class,15,4.06
Audi,42700.00,crossover,75,3.00,Diesel,yes,2013,Q7,13,5.36
Volkswagen,6950.00,other,217,1.90,Diesel,yes,2006,Caddy,20,10.33
Volkswagen,7300.00,hatch,117,1.40,Petrol,yes,2007,Polo,19,5.85
Mitsubishi,27565.20,crossover,1,2.50,Diesel,yes,2016,Pajero Sport,10,0.09
Volkswagen,12900.00,vagon,145,1.60,Diesel,yes,2011,Golf Variant,15,9.06
Volkswagen,5900.00,sedan,217,2.30,Petrol,yes,1999,Bora,27,7.75
Mercedes-Benz,2600.00,hatch,111,1.40,Petrol,no,1999,A 140,27,3.96
Audi,2799.00,vagon,390,1.90,Diesel,no,1998,A6,28,13.45
Mitsubishi,21000.00,crossover,98,2.50,Diesel,yes,2011,Pajero Sport,15,6.12
Audi,4999.00,sedan,231,1.90,Diesel,no,2002,A6,24,9.24
Volkswagen,6900.00,sedan,160,1.60,Petrol,yes,2003,Bora,23,6.67
Mercedes-Benz,5800.00,sedan,366,3.20,Gas,yes,1991,S 320,35,10.17
Mitsubishi,15700.00,other,68,1.80,Petrol,yes,2011,ASX,15,4.25
Volkswagen,74500.00,crossover,0,3.00,Diesel,yes,2015,Touareg,11,0.00
Mercedes-Benz,22900.00,sedan,131,5.50,Gas,yes,2008,S 500,18,6.89
Mercedes-Benz,32000.00,crossover,96,3.50,Petrol,yes,2010,ML 350,16,5.65
Mercedes-Benz,35300.00,sedan,3,1.60,Petrol,yes,2014,CLA 200,12,0.23
Volkswagen,6900.00,sedan,320,1.80,Gas,yes,2002,Passat B5,24,12.80
BMW,7000.00,sedan,286,2.80,Petrol,yes,2001,520,25,11.00
Volkswagen,35800.00,crossover,92,3.00,Diesel,yes,2011,Touareg,15,5.75
Volkswagen,10700.00,hatch,60,1.40,Petrol,yes,2010,Polo,16,3.53
BMW,23999.00,crossover,194,3.00,Petrol,yes,2007,X5,19,9.70
Volkswagen,2700.00,hatch,300,1.90,Diesel,no,2000,Golf IV,26,11.11
Mercedes-Benz,10000.00,sedan,80,,Diesel,yes,2010,S 350,16,4.71
Toyota,18200.00,crossover,146,2.70,Gas,yes,2006,Land Cruiser Prado,20,6.95
Audi,2450.00,vagon,325,2.50,Diesel,no,2000,A6,26,12.04
Audi,15800.00,hatch,123,1.40,Petrol,yes,2010,A3,16,7.24
Volkswagen,9400.00,vagon,176,1.90,Diesel,yes,2005,Passat B5,21,8.00
Mitsubishi,5800.00,vagon,230,1.60,Petrol,yes,2005,Space Star,21,10.45
Volkswagen,13499.00,sedan,162,1.40,Petrol,yes,2012,Passat B7,14,10.80
Volkswagen,39615.00,sedan,0,2.00,Diesel,yes,2016,Passat B8,10,0.00
Toyota,23300.00,crossover,40,2.00,Petrol,yes,2014,Rav 4,12,3.08
Audi,2100.00,sedan,217,1.90,Diesel,no,1996,A4,30,7.00
BMW,3000.00,sedan,350,6.15,Other,yes,1992,520,34,10.00
Mercedes-Benz,2700.00,sedan,337,2.30,Gas,yes,1988,230,38,8.64
Volkswagen,6700.00,van,16,2.00,Diesel,yes,2005,Caddy,21,0.73
BMW,43163.25,crossover,0,2.00,Diesel,yes,2016,X1,10,0.00
Renault,2750.00,hatch,186,6.15,Diesel,no,2005,Laguna,21,8.45
Toyota,28350.00,crossover,92,2.20,Diesel,yes,2013,Rav 4,13,6.57
Toyota,29500.00,crossover,90,2.70,Gas,yes,2010,Land Cruiser Prado,16,5.29
Volkswagen,8200.00,sedan,258,1.90,Diesel,yes,2004,Passat B5,22,11.22
Mercedes-Benz,10999.00,other,269,2.20,Diesel,yes,2006,Sprinter 313,20,12.81
Renault,8299.00,sedan,19,1.20,Petrol,yes,2013,Logan,13,1.36
Toyota,20500.00,sedan,105,2.50,Petrol,yes,2013,Camry,13,7.50
Volkswagen,14500.00,van,168,2.00,Diesel,yes,2012,T5 (Transporter) ,14,11.20
Toyota,17300.00,other,135,3.50,Gas,yes,2009,Camry,17,7.50
Mercedes-Benz,18700.00,sedan,105,5.50,Petrol,yes,2006,S 500,20,5.00
Toyota,13200.00,sedan,38,1.33,Petrol,yes,2014,Corolla,12,2.92
Volkswagen,2450.00,sedan,200,1.30,Gas,yes,1991,Jetta,35,5.56
Audi,55000.00,hatch,24,2.80,Other,yes,2014,A7,12,1.85
Toyota,20000.00,van,135,2.40,Gas,yes,2006,Previa,20,6.43
Volkswagen,4000.00,hatch,266,1.90,Diesel,yes,1993,Golf III,33,7.82
Mitsubishi,16900.00,other,120,3.00,Petrol,yes,2008,Pajero Wagon,18,6.32
Mitsubishi,11450.00,sedan,60,1.60,Gas,yes,2012,Lancer X,14,4.00
Mercedes-Benz,24500.00,crossover,236,5.00,Petrol,yes,2000,G 500,26,8.74
Renault,12350.00,sedan,64,2.00,Gas,yes,2011,Fluence,15,4.00
Mercedes-Benz,6900.00,sedan,239,2.30,Petrol,yes,1996,E-Class,30,7.71
Toyota,30500.00,crossover,40,2.70,Petrol,yes,2011,Land Cruiser Prado,15,2.50
Mitsubishi,8800.00,sedan,105,2.00,Gas,yes,2008,Lancer X,18,5.53
Audi,9700.00,sedan,249,2.50,Diesel,yes,2004,A6,22,10.83
BMW,63500.00,crossover,33,3.00,Petrol,yes,2015,X5,11,2.75
Mitsubishi,8900.00,sedan,96,2.00,Petrol,yes,2008,Lancer X,18,5.05
Audi,1950.00,vagon,210,1.80,Gas,no,1996,A4,30,6.77
Audi,4400.00,sedan,190,2.50,Diesel,no,2003,A6,23,7.92
Toyota,12450.00,sedan,162,3.50,Gas,yes,2007,Camry,19,8.10
Audi,3200.00,sedan,295,2.50,Diesel,no,2000,A6,26,10.93
Audi,12600.00,sedan,294,3.00,Gas,yes,2004,A8,22,12.78
Mercedes-Benz,4400.00,sedan,225,2.00,Gas,yes,1995,E-Class,31,7.03
Mercedes-Benz,3900.00,sedan,111,2.50,Diesel,yes,1989,E-Class,37,2.92
Mercedes-Benz,126902.16,crossover,0,4.60,Petrol,yes,2016,GLS 500,10,0.00
Volkswagen,8499.00,sedan,101,1.60,Petrol,yes,2012,Polo,14,6.73
Mercedes-Benz,8000.00,other,230,2.20,Diesel,yes,2001,Vito,25,8.85
Volkswagen,3500.00,hatch,250,1.90,Diesel,no,2000,Beetle,26,9.26
Audi,11900.00,sedan,195,2.40,Gas,yes,2005,A6,21,8.86
Toyota,24800.00,sedan,43,2.50,Gas,yes,2015,Camry,11,3.58
Audi,3800.00,vagon,190,2.50,Diesel,no,2002,A6,24,7.60
Volkswagen,4800.00,sedan,190,6.15,Petrol,yes,1998,Passat B5,28,6.55
Volkswagen,7500.00,van,230,1.90,Diesel,yes,2006,Caddy,20,10.95
BMW,8999.00,sedan,270,2.80,Petrol,yes,1998,528,28,9.31
Volkswagen,5000.00,van,326,2.40,Diesel,yes,1995,T4 (Transporter),31,10.19
Mercedes-Benz,21000.00,crossover,135,3.50,Petrol,yes,2007,ML 350,19,6.75
Renault,4200.00,van,142,1.90,Diesel,yes,2007,Kangoo,19,7.10
Mitsubishi,18000.00,crossover,160,3.20,Diesel,yes,2007,Pajero Wagon,19,8.00
Volkswagen,8500.00,van,220,2.50,Diesel,yes,2003,T4 (Transporter),23,9.17
Renault,3750.00,hatch,232,1.80,Petrol,yes,1997,Laguna,29,7.73
Volkswagen,9000.00,other,212,2.00,Gas,yes,2007,Caddy,19,10.60
Mitsubishi,6300.00,crossover,235,3.20,Diesel,no,2001,Pajero,25,9.04
BMW,8400.00,sedan,297,2.20,Petrol,yes,2000,320,26,11.00
Volkswagen,5000.00,hatch,190,,Petrol,yes,1998,Golf IV,28,6.55
Volkswagen,17000.00,van,157,2.00,Diesel,yes,2010,T5 (Transporter),16,9.24
Volkswagen,3000.00,sedan,240,1.80,Petrol,yes,1991,Jetta,35,6.67
Mercedes-Benz,21300.00,crossover,114,4.70,Petrol,yes,2007,GL 450,19,5.70
BMW,16500.00,crossover,230,3.00,Gas,yes,2004,X5,22,10.00
Mercedes-Benz,7300.00,other,250,2.20,Diesel,yes,2005,Sprinter 311,21,11.36
Mercedes-Benz,2300.00,sedan,300,3.00,Diesel,yes,1999,E-Class,27,10.71
BMW,8200.00,sedan,250,4.40,Petrol,yes,1997,540,29,8.33
Audi,35000.00,sedan,61,2.80,Petrol,yes,2012,A6,14,4.07
Volkswagen,7800.00,vagon,193,1.90,Diesel,yes,2002,Passat B5,24,7.72
Volkswagen,8200.00,hatch,157,1.60,Petrol,yes,2008,Golf Plus,18,8.26
Audi,39999.00,crossover,45,2.00,Diesel,yes,2014,Q5,12,3.46
Renault,11900.00,other,173,2.00,Diesel,yes,2012,Trafic,14,11.53
Mercedes-Benz,3600.00,sedan,276,2.70,Diesel,no,2001,E-Class,25,10.62
Volkswagen,3399.00,sedan,201,1.80,Petrol,yes,1991,Passat B3,35,5.58
BMW,2650.00,vagon,335,2.00,Petrol,no,2000,320,26,12.41
Mercedes-Benz,11700.00,hatch,103,1.50,Petrol,yes,2007,A 150,19,5.15
Mercedes-Benz,1600.00,hatch,180,,Petrol,no,2000,A 160,26,6.67
BMW,2550.00,vagon,312,2.50,Diesel,no,1999,525,27,11.14
Mercedes-Benz,2550.00,vagon,367,3.20,Diesel,no,2000,E-Class,26,13.59
Audi,31700.00,sedan,32,1.80,Petrol,yes,2014,A4,12,2.46
Mercedes-Benz,125000.00,sedan,18,3.00,Diesel,yes,2015,S 350,11,1.50
BMW,20500.00,crossover,285,4.80,Petrol,yes,2006,X5,20,13.57
Mitsubishi,2600.00,other,200,2.40,Petrol,no,2002,Lancer,24,8.00
BMW,2500.00,vagon,250,2.50,Diesel,no,2000,525,26,9.26
Mercedes-Benz,13200.00,van,182,2.20,Diesel,yes,2011,Vito,15,11.38
Mercedes-Benz,31000.00,crossover,220,3.20,Diesel,yes,2008,GL 320,18,11.58
Audi,30900.00,vagon,118,2.00,Petrol,yes,2013,A4 Allroad,13,8.43
Mitsubishi,4750.00,sedan,167,1.60,Petrol,yes,2003,Carisma,23,6.96
Toyota,8950.00,hatch,118,1.60,Petrol,yes,2008,Auris,18,6.21
Renault,8300.00,van,177,1.50,Diesel,yes,2007,Grand Scenic,19,8.85
Audi,6900.00,sedan,360,2.50,Diesel,yes,1997,A6,29,12.00
Volkswagen,5000.00,sedan,81,,Other,no,2013,Passat B7,13,5.79
BMW,69999.00,crossover,71,4.40,Petrol,yes,2011,X5 M,15,4.44
Volkswagen,3250.00,sedan,255,1.90,Diesel,no,2003,Passat B5,23,10.62
Volkswagen,11900.00,hatch,91,1.40,Petrol,yes,2010,Golf VI,16,5.35
Mitsubishi,9600.00,other,114,2.00,Petrol,yes,1999,Eclipse,27,4.07
Mercedes-Benz,21200.00,vagon,206,2.10,Diesel,yes,2011,C-Class,15,12.88
Toyota,102999.00,crossover,0,4.50,Diesel,yes,2016,Land Cruiser 200,10,0.00
Mercedes-Benz,11900.00,van,277,2.20,Diesel,yes,2007,Vito,19,13.85
Renault,9999.00,van,185,1.50,Diesel,yes,2008,Kangoo,18,9.74
Renault,8500.00,sedan,57,1.20,Gas,yes,2013,Logan,13,4.07
Volkswagen,6500.00,other,385,2.40,Diesel,yes,1997,T4 (Transporter),29,12.83
Mitsubishi,8700.00,sedan,80,1.50,Petrol,yes,2008,Lancer X,18,4.21
Volkswagen,8599.00,van,169,1.60,Diesel,yes,2011,Caddy,15,10.56
Volkswagen,12700.00,hatch,156,1.60,Diesel,yes,2011,Golf VI,15,9.75
Mitsubishi,7700.00,sedan,135,2.00,Gas,yes,2007,Lancer,19,6.75
Mitsubishi,2020.00,other,90,,Other,no,2008,L 200,18,4.74
Mitsubishi,8700.00,sedan,150,2.40,Gas,yes,2007,Galant,19,7.50
Mitsubishi,9300.00,sedan,95,2.00,Petrol,yes,2007,Lancer X,19,4.75
Mercedes-Benz,3550.00,sedan,238,2.20,Diesel,no,2001,E-Class,25,9.15
Audi,29800.00,crossover,151,3.00,Diesel,yes,2007,Q7,19,7.55
Renault,3900.00,van,202,1.90,Diesel,yes,2001,Kangoo,25,7.77
Volkswagen,7000.00,van,345,1.90,Diesel,yes,2006,T5 (Transporter) ,20,16.43
Audi,17700.00,other,70,2.00,Petrol,yes,2009,TT,17,3.89
Toyota,9999.00,sedan,225,3.00,Gas,yes,2004,Camry,22,9.78
Audi,25300.00,hatch,180,2.00,Diesel,yes,2011,A5,15,11.25
Audi,22500.00,vagon,175,2.00,Gas,yes,2010,A4 Allroad,16,10.29
Volkswagen,18600.00,sedan,2,1.60,Petrol,yes,2015,Jetta,11,0.17
Mitsubishi,6999.00,sedan,160,2.00,Petrol,yes,2007,Lancer,19,8.00
Toyota,16200.00,crossover,281,4.20,Diesel,yes,1999,Land Cruiser 100,27,10.04
Mercedes-Benz,29999.00,hatch,9,,Other,yes,2015,B-Class Electric Drive,11,0.75
Toyota,18000.00,crossover,320,4.20,Diesel,yes,1999,Land Cruiser 100,27,11.43
Mercedes-Benz,27300.00,sedan,144,2.14,Diesel,yes,2011,E-Class,15,9.00
Toyota,2700.00,sedan,440,1.60,Gas,yes,1989,Carina,37,11.58
BMW,12000.00,crossover,218,3.00,Diesel,no,2006,X5,20,10.38
Mercedes-Benz,39900.00,hatch,2,,Other,yes,2015,B-Class Electric Drive,11,0.17
Volkswagen,1800.00,other,280,1.90,Diesel,no,1997,Passat B5,29,9.33
Audi,20500.00,sedan,106,1.80,Petrol,yes,2011,A4,15,6.62
Volkswagen,10493.00,other,1,1.40,Petrol,yes,2014,Polo,12,0.08
BMW,16800.00,sedan,154,3.00,Petrol,yes,2006,330,20,7.33
Volkswagen,12500.00,sedan,177,,Petrol,yes,2008,Passat B6,18,9.32
BMW,8200.00,sedan,238,3.00,Diesel,no,2004,730,22,10.35
BMW,8000.00,sedan,330,,Diesel,yes,1997,525,29,11.00
Mercedes-Benz,14500.00,van,171,2.20,Diesel,yes,2011,Vito,15,10.69
Volkswagen,24500.00,crossover,62,2.00,Diesel,yes,2012,Passat CC,14,4.13
Toyota,13250.00,sedan,96,2.40,Gas,yes,2008,Rav 4,18,5.05
Toyota,6400.00,sedan,250,3.00,Gas,yes,1998,Camry,28,8.62
Mercedes-Benz,29500.00,sedan,135,5.50,Petrol,yes,2008,S 550,18,7.11
Volkswagen,69990.00,van,1,5.00,Diesel,yes,2015,Multivan,11,0.08
Audi,2600.00,vagon,110,2.50,Diesel,no,2002,A6,24,4.40
Volkswagen,4900.00,sedan,440,1.90,Diesel,yes,1995,Passat B4,31,13.75
Renault,10500.00,vagon,185,1.50,Diesel,yes,2011,Megane,15,11.56
Volkswagen,27200.00,crossover,1,2.00,Diesel,yes,2015,Tiguan,11,0.08
Mercedes-Benz,1585.28,sedan,360,2.50,Diesel,no,1989,E-Class,37,9.47
Toyota,13900.00,sedan,139,2.40,Other,yes,2008,Camry,18,7.32
BMW,12800.00,sedan,194,4.40,Gas,yes,2002,745,24,7.76
Toyota,21200.00,crossover,135,4.00,Gas,yes,2007,Land Cruiser Prado,19,6.75
Mercedes-Benz,8700.00,sedan,196,2.00,Gas,yes,2000,E-Class,26,7.26
Toyota,8800.00,sedan,165,1.80,Petrol,yes,2007,Avensis,19,8.25
Toyota,12900.00,sedan,129,1.80,Petrol,yes,2009,Avensis,17,7.17
BMW,9500.00,sedan,339,3.00,Diesel,yes,2001,530,25,13.04
BMW,10700.00,sedan,243,3.00,Diesel,yes,2002,530,24,9.72
Volkswagen,10800.00,van,156,1.60,Diesel,yes,2012,Caddy,14,10.40
Mitsubishi,2400.00,hatch,350,2.00,Gas,yes,1989,Galant,37,9.21
Renault,13300.00,other,132,1.50,Diesel,yes,2012,Megane,14,8.80
BMW,34500.00,crossover,85,3.00,Petrol,yes,2010,X5,16,5.00
BMW,57000.00,other,20,3.50,Petrol,yes,2013,X6,13,1.43
Renault,7200.00,van,146,1.50,Diesel,yes,2012,Kangoo,14,9.73
Toyota,23400.00,sedan,69,2.50,Gas,yes,2014,Camry,12,5.31
Mercedes-Benz,6500.00,sedan,215,6.15,Petrol,no,2001,S 55,25,8.27
Toyota,48000.00,crossover,59,3.00,Diesel,yes,2014,Land Cruiser Prado,12,4.54
BMW,6800.00,sedan,325,,Other,no,2005,525,21,14.77
Volkswagen,4200.00,sedan,1,1.40,Petrol,yes,2012,Golf VI,14,0.07
Mercedes-Benz,6200.00,other,340,2.40,Gas,yes,1998,E-Class,28,11.72
BMW,126902.16,crossover,2,4.40,Petrol,yes,2016,X5 M,10,0.18
Audi,1585.28,sedan,250,,Gas,no,1994,80,32,7.58
BMW,2900.00,sedan,225,2.50,Petrol,no,1997,523,29,7.50
Mercedes-Benz,12700.00,other,199,2.20,Diesel,yes,2011,Vito,15,12.44
Audi,16999.00,vagon,140,4.20,Petrol,yes,2007,A6 Allroad,19,7.00
Volkswagen,13972.07,sedan,0,1.60,Petrol,yes,2016,Polo,10,0.00
Mercedes-Benz,41900.00,sedan,95,6.15,Petrol,yes,2011,S 500,15,5.94
Renault,6650.00,vagon,227,1.50,Diesel,yes,2005,Megane,21,10.32
Mercedes-Benz,9200.00,other,280,2.40,Petrol,yes,2003,E-Class,23,11.67
BMW,15300.00,sedan,250,2.50,Petrol,yes,2006,525,20,11.90
Volkswagen,1585.28,van,100,1.60,Diesel,yes,1988,T3 (Transporter),38,2.56
Volkswagen,5900.00,van,278,1.90,Diesel,yes,2005,Caddy,21,12.64
Mercedes-Benz,4100.00,sedan,400,2.00,Diesel,yes,1987,190,39,10.00
Mercedes-Benz,4900.00,sedan,282,3.20,Gas,yes,1993,E-Class,33,8.29
BMW,12900.00,vagon,260,3.00,Diesel,yes,2004,330,22,11.30
Toyota,33333.00,vagon,73,4.00,Gas,yes,2009,FJ Cruiser,17,4.06
Volkswagen,7200.00,hatch,127,1.39,Petrol,yes,2007,Polo,19,6.35
BMW,77777.00,crossover,1,3.00,Diesel,yes,2014,X6,12,0.08
Mercedes-Benz,2300.00,hatch,175,1.40,Petrol,no,2000,A 140,26,6.48
Volkswagen,13000.00,crossover,235,3.20,Gas,yes,2005,Touareg,21,10.68
Volkswagen,3000.00,van,318,1.90,Diesel,yes,1993,T4 (Transporter) ,33,9.35
Renault,7999.00,van,92,1.50,Diesel,yes,2013,Kangoo,13,6.57
Mercedes-Benz,11000.00,van,250,2.20,Diesel,yes,2005,Vito,21,11.36
BMW,81000.00,sedan,23,4.40,Petrol,yes,2014,M5,12,1.77
BMW,3800.00,sedan,304,1.90,Gas,no,2000,318,26,11.26
BMW,4300.00,other,280,2.50,Petrol,yes,1985,325,41,6.67
Audi,4400.00,sedan,340,2.80,Gas,yes,1992,100,34,9.71
Audi,3150.00,vagon,320,2.50,Diesel,no,2002,A6,24,12.80
Volkswagen,10900.00,other,287,2.50,Other,yes,2004,T5 (Transporter),22,12.48
Volkswagen,6400.00,van,305,,Diesel,yes,2004,Caddy,22,13.26
Audi,3050.00,vagon,250,2.50,Other,no,2001,A6,25,9.62
Volkswagen,30385.00,vagon,0,2.00,Diesel,yes,2014,Touran,12,0.00
BMW,20999.00,crossover,170,4.80,Petrol,yes,2008,X5,18,8.95
Volkswagen,1585.28,sedan,255,1.90,Diesel,no,1998,Polo,28,8.79
Toyota,8500.00,vagon,200,2.00,Petrol,yes,1999,Vista,27,7.14
Toyota,9200.00,sedan,115,1.60,Gas,yes,2008,Corolla,18,6.05
Toyota,20800.00,sedan,49,3.50,Petrol,yes,2011,Camry,15,3.06
Renault,8100.00,van,206,1.90,Diesel,yes,2005,Trafic,21,9.36
Volkswagen,13500.00,sedan,104,1.80,Petrol,yes,2010,Passat B6,16,6.12
Renault,4900.00,van,218,1.50,Diesel,yes,2006,Kangoo,20,10.38
Volkswagen,6600.00,hatch,136,1.40,Gas,yes,2001,Golf IV,25,5.23
Mitsubishi,1585.28,crossover,245,2.80,Diesel,no,1996,Pajero,30,7.90
Volkswagen,3600.00,sedan,320,1.80,Gas,yes,1989,Passat B3,37,8.42
Toyota,24000.00,sedan,51,2.50,Gas,yes,2014,Camry,12,3.92
Toyota,12700.00,sedan,130,2.40,Petrol,yes,2008,Camry,18,6.84
Mercedes-Benz,14500.00,other,315,5.00,Gas,yes,2004,CL 500,22,13.70
BMW,2299.00,sedan,200,1.80,Petrol,no,1999,318,27,7.14
BMW,8900.00,sedan,234,3.50,Gas,yes,1999,735,27,8.36
Audi,30500.00,vagon,152,3.00,Diesel,yes,2012,A6,14,10.13
Mercedes-Benz,4000.00,sedan,370,3.20,Diesel,no,2002,E-Class,24,14.80
Toyota,12900.00,sedan,137,2.40,Petrol,yes,2008,Camry,18,7.21
Volkswagen,3300.00,sedan,200,1.80,Petrol,yes,1989,Passat B3,37,5.26
Toyota,9800.00,sedan,178,1.80,Petrol,yes,2007,Avensis,19,8.90
Renault,15200.00,other,173,2.30,Diesel,yes,2013,Master,13,12.36
Volkswagen,4950.00,vagon,290,1.80,Petrol,yes,1996,Passat B4,30,9.35
Volkswagen,55500.00,crossover,36,3.00,Diesel,yes,2015,Touareg,11,3.00
Volkswagen,17900.00,van,188,2.50,Diesel,yes,2008,Multivan,18,9.89
Mercedes-Benz,5900.00,crossover,271,2.70,Diesel,no,2003,ML 270,23,11.29
Toyota,20500.00,crossover,225,4.70,Gas,yes,2003,Land Cruiser 100,23,9.38
BMW,5000.00,other,300,1.80,Petrol,yes,1994,318,32,9.09
Volkswagen,11500.00,van,100,2.00,Diesel,yes,2010,T5 (Transporter) ,16,5.88
Mercedes-Benz,115000.00,other,35,,Diesel,yes,2015,G 350,11,2.92
Volkswagen,2900.00,hatch,230,1.60,Petrol,yes,2000,Golf IV,26,8.52
Mitsubishi,4800.00,sedan,247,2.00,Gas,yes,1998,Galant,28,8.52
Renault,1585.28,vagon,235,2.00,Petrol,no,1998,Laguna,28,8.10
Mitsubishi,16000.00,crossover,147,2.50,Diesel,yes,2008,Pajero Sport,18,7.74
Volkswagen,6400.00,van,312,2.50,Diesel,yes,2000,T4 (Transporter) ,26,11.56
BMW,5800.00,other,400,2.00,Petrol,yes,1998,520,28,13.79
Mercedes-Benz,11000.00,sedan,263,3.20,Diesel,yes,2001,E-Class,25,10.12
Renault,4500.00,sedan,305,1.50,Diesel,yes,2004,Megane,22,13.26
Renault,14200.00,crossover,83,2.00,Diesel,yes,2012,Koleos,14,5.53
BMW,71500.00,crossover,19,2.50,Diesel,yes,2015,X5,11,1.58
Audi,6200.00,sedan,200,1.80,Petrol,yes,2003,A4,23,8.33
Volkswagen,10500.00,van,130,1.90,Diesel,yes,2010,Caddy,16,7.65
Toyota,12700.00,sedan,136,3.50,Petrol,yes,2007,Camry,19,6.80
Audi,7000.00,other,126,2.60,Petrol,yes,1998,80,28,4.34
BMW,4500.00,sedan,230,4.00,Gas,yes,1994,540,32,6.97
BMW,4800.00,vagon,400,2.50,Diesel,yes,1994,525,32,12.12
Renault,11500.00,van,170,1.50,Diesel,yes,2012,Grand Scenic,14,11.33
BMW,42000.00,crossover,33,2.00,Petrol,yes,2014,X3,12,2.54
Audi,2500.00,sedan,371,2.20,Gas,yes,1987,100,39,9.28
Mercedes-Benz,22600.00,crossover,165,3.00,Diesel,yes,2007,ML 320,19,8.25
Volkswagen,9900.00,sedan,80,1.60,Petrol,yes,2011,Polo,15,5.00
Mercedes-Benz,13500.00,van,259,3.00,Diesel,yes,2007,Vito,19,12.95
Volkswagen,10600.00,other,140,2.00,Other,yes,2007,Passat B6,19,7.00
Mercedes-Benz,12500.00,van,242,2.20,Diesel,yes,2008,Vito,18,12.74
Renault,7499.00,van,123,1.50,Diesel,yes,2009,Kangoo,17,6.83
Volkswagen,9999.00,hatch,118,1.20,Diesel,yes,2011,Polo,15,7.38
Toyota,18600.00,hatch,73,1.60,Petrol,yes,2013,Auris,13,5.21
Volkswagen,7600.00,hatch,225,1.40,Petrol,yes,2004,Golf V,22,9.78
Volkswagen,9200.00,hatch,127,1.60,Petrol,yes,2007,Golf V,19,6.35
Audi,3700.00,vagon,290,1.90,Diesel,no,2002,A4,24,11.60
BMW,26000.00,crossover,270,4.80,Petrol,yes,2008,X5,18,14.21
BMW,12950.00,sedan,268,4.00,Diesel,yes,2004,740,22,11.65
Mitsubishi,15200.00,crossover,193,3.00,Gas,yes,2008,Pajero Wagon,18,10.16
Audi,62000.00,vagon,24,3.00,Diesel,yes,2015,A6 Allroad,11,2.00
Toyota,68500.00,van,1,3.50,Petrol,yes,2016,Sienna,10,0.09
Volkswagen,2500.00,hatch,111,1.60,Gas,yes,1999,Golf IV,27,3.96
Volkswagen,2600.00,other,296,1.90,Diesel,no,2000,Golf IV,26,10.96
Mercedes-Benz,12250.00,van,300,2.20,Diesel,yes,2007,Vito,19,15.00
Toyota,39900.00,crossover,94,4.00,Gas,yes,2010,Land Cruiser Prado,16,5.53
Volkswagen,1585.28,other,160,1.40,Petrol,no,1999,Golf IV,27,5.71
Mercedes-Benz,3700.00,sedan,270,3.50,Petrol,no,2004,S 350,22,11.74
BMW,8999.00,other,160,1.80,Petrol,yes,1997,318,29,5.33
Mitsubishi,9900.00,other,200,2.50,Diesel,yes,2007,L 200,19,10.00
Volkswagen,16800.00,crossover,249,5.00,Diesel,yes,2005,Touareg,21,11.32
Volkswagen,23999.00,sedan,0,1.60,Diesel,yes,2016,Jetta,10,0.00
Mercedes-Benz,36000.00,crossover,162,3.00,Diesel,yes,2009,GL 320,17,9.00
Mitsubishi,15800.00,other,146,2.50,Diesel,yes,2013,L 200,13,10.43
Volkswagen,19300.00,sedan,136,2.00,Diesel,yes,2011,Passat B7,15,8.50
Renault,6450.00,van,148,1.50,Diesel,yes,2012,Kangoo,14,9.87
Renault,4200.00,van,220,1.50,Diesel,yes,2004,Kangoo,22,9.57
BMW,32000.00,crossover,52,3.00,Petrol,yes,2012,X5,14,3.47
Toyota,12500.00,sedan,110,2.40,Gas,yes,2007,Camry,19,5.50
BMW,47900.00,crossover,178,4.00,Diesel,yes,2012,X5,14,11.87
Mercedes-Benz,21999.00,sedan,200,3.00,Diesel,yes,2008,E-Class,18,10.53
Audi,15000.00,sedan,168,,Other,yes,2007,A6,19,8.40
Toyota,7500.00,hatch,74,1.30,Petrol,yes,2008,Yaris,18,3.89
Mercedes-Benz,125000.00,sedan,17,3.00,Diesel,yes,2015,S 350,11,1.42
BMW,30500.00,hatch,110,4.40,Petrol,yes,2008,X6,18,5.79
Volkswagen,17191.20,sedan,0,1.60,Petrol,yes,2016,Jetta,10,0.00
Mercedes-Benz,45555.00,sedan,42,3.00,Diesel,yes,2011,S 350,15,2.62
BMW,15200.00,sedan,227,2.50,Petrol,yes,2008,525,18,11.95
Volkswagen,8700.00,sedan,270,,Diesel,yes,2009,Caddy,17,15.00
Volkswagen,7800.00,van,226,1.90,Diesel,yes,2005,T5 (Transporter) ,21,10.27
Volkswagen,22000.00,hatch,40,1.40,Petrol,yes,2013,Golf VII,13,2.86
Mitsubishi,9300.00,crossover,156,2.40,Gas,yes,2006,Outlander,20,7.43
Mercedes-Benz,31900.00,sedan,97,2.20,Diesel,yes,2011,E-Class,15,6.06
Mercedes-Benz,9350.00,van,160,2.20,Diesel,yes,2008,Vito,18,8.42
BMW,32500.00,sedan,134,2.00,Diesel,yes,2010,520,16,7.88
Renault,10200.00,vagon,151,1.50,Diesel,yes,2011,Megane,15,9.44
Toyota,8200.00,crossover,200,2.00,Gas,yes,2002,Rav 4,24,8.00
Mercedes-Benz,7400.00,sedan,190,2.00,Petrol,yes,2002,C-Class,24,7.60
Mitsubishi,14200.00,crossover,155,3.00,Gas,yes,2007,Outlander XL,19,7.75
Volkswagen,24900.00,sedan,1,1.60,Diesel,yes,2016,Jetta,10,0.09
Mercedes-Benz,24300.00,sedan,150,3.50,Gas,yes,2008,S 350,18,7.89
Volkswagen,9300.00,van,176,1.90,Diesel,yes,2005,T5 (Transporter),21,8.00
Volkswagen,21000.00,crossover,130,2.50,Diesel,yes,2008,Touareg,18,6.84
Audi,36000.00,crossover,145,3.00,Petrol,yes,2010,Q7,16,8.53
Mitsubishi,22900.00,crossover,69,2.40,Petrol,yes,2014,Outlander,12,5.31
Mercedes-Benz,9900.00,sedan,275,2.20,Other,yes,2005,E-Class,21,12.50
Volkswagen,3950.00,hatch,288,1.80,Gas,yes,1996,Golf III,30,9.29
Toyota,28700.00,crossover,100,3.50,Petrol,yes,2012,Highlander,14,6.67
Volkswagen,16900.00,van,121,2.00,Diesel,yes,2014,T5 (Transporter) ,12,9.31
Mercedes-Benz,7300.00,sedan,245,2.80,Gas,yes,1998,E-Class,28,8.45
Mercedes-Benz,2200.00,sedan,400,2.00,Petrol,yes,1988,190,38,10.26
Toyota,25500.00,other,103,3.50,Petrol,yes,2010,Venza,16,6.06
Volkswagen,7650.00,other,260,2.00,Diesel,yes,2005,Caddy,21,11.82
Toyota,22800.00,other,55,2.50,Petrol,yes,2013,Camry,13,3.93
Renault,8900.00,van,170,1.90,Diesel,yes,2005,Trafic,21,7.73
Renault,10990.00,sedan,118,2.00,Petrol,yes,2012,Fluence,14,7.87
Mercedes-Benz,107777.00,crossover,0,3.00,Diesel,yes,2016,GLS 350,10,0.00
Toyota,17000.00,sedan,95,2.00,Gas,yes,2011,Avensis,15,5.94
Renault,1585.28,sedan,430,2.00,Gas,yes,1988,25,38,11.03
Audi,12800.00,other,0,,Other,yes,2005,A6,21,0.00
BMW,66500.00,crossover,0,2.00,Other,yes,2016,X5,10,0.00
Volkswagen,4300.00,vagon,289,2.00,Petrol,yes,1994,Passat B4,32,8.76
BMW,3350.00,vagon,295,2.00,Diesel,no,2002,320,24,11.80
Toyota,10400.00,sedan,87,1.60,Petrol,yes,2008,Corolla,18,4.58
BMW,22700.00,crossover,216,4.80,Petrol,yes,2007,X5,19,10.80
Renault,6700.00,van,102,1.50,Diesel,yes,2012,Kangoo,14,6.80
Audi,3250.00,sedan,285,,Gas,no,1996,A8,30,9.19
Audi,3800.00,sedan,257,2.00,Petrol,yes,1993,80,33,7.56
Volkswagen,10900.00,vagon,185,1.40,Petrol,yes,2011,Golf VII,15,11.56
Mercedes-Benz,11000.00,van,300,2.20,Diesel,yes,2007,Vito,19,15.00
Volkswagen,51900.00,crossover,30,3.00,Diesel,yes,2015,Touareg,11,2.50
Mercedes-Benz,18900.00,sedan,232,3.00,Diesel,yes,2007,E-Class,19,11.60
BMW,25500.00,sedan,148,3.00,Diesel,yes,2007,535,19,7.40
Renault,14500.00,sedan,98,1.50,Diesel,yes,2014,Fluence,12,7.54
BMW,7900.00,sedan,260,3.50,Petrol,yes,1997,535,29,8.67
Audi,44800.00,crossover,95,3.00,Diesel,yes,2014,Q7,12,7.31
Toyota,26200.00,other,73,2.50,Diesel,yes,2012,Hilux,14,4.87
BMW,14000.00,crossover,164,3.00,Diesel,no,2006,X5,20,7.81
Renault,7900.00,van,300,1.90,Diesel,yes,2006,Trafic,20,14.29
Renault,1585.28,sedan,100,1.70,Petrol,yes,1986,21,40,2.44
Volkswagen,10777.00,van,157,1.60,Diesel,yes,2012,Caddy,14,10.47
Renault,8300.00,van,217,1.90,Diesel,yes,2004,Trafic,22,9.43
Volkswagen,40000.00,sedan,1,1.40,Petrol,yes,2015,Passat B8,11,0.08
Mercedes-Benz,16800.00,other,266,3.00,Diesel,yes,2007,E-Class,19,13.30
Audi,43000.00,crossover,1,2.00,Petrol,yes,2016,Q3,10,0.09
Toyota,22900.00,sedan,60,2.50,Petrol,yes,2012,Camry,14,4.00
Audi,10900.00,sedan,225,2.40,Petrol,yes,2005,A6,21,10.23
BMW,2550.00,sedan,280,1.60,Petrol,no,2000,316,26,10.37
Mercedes-Benz,18700.00,other,142,2.20,Diesel,yes,2007,Viano,19,7.10
Toyota,3800.00,sedan,220,1.60,Petrol,yes,1994,Carina,32,6.67
Mercedes-Benz,7700.00,van,290,2.20,Diesel,yes,2004,Vito,22,12.61
BMW,112000.00,sedan,16,3.00,Diesel,yes,2015,730,11,1.33
Mercedes-Benz,2600.00,van,280,2.90,Diesel,no,1997,Sprinter 312,29,9.33
Volkswagen,14900.00,vagon,165,1.40,Petrol,yes,2013,Passat B7,13,11.79
Mitsubishi,11960.00,other,140,2.50,Diesel,yes,2007,L 200,19,7.00
Mitsubishi,19800.00,crossover,130,2.50,Diesel,yes,2011,Pajero Sport,15,8.12
Mercedes-Benz,12800.00,van,116,2.20,Diesel,yes,2012,Vito,14,7.73
Mercedes-Benz,34000.00,sedan,69,2.00,Petrol,yes,2013,E-Class,13,4.93
Audi,29999.00,sedan,97,3.00,Petrol,yes,2011,S5,15,6.06
Renault,10499.00,other,160,,Diesel,yes,2013,Trafic,13,11.43
Mitsubishi,4900.00,vagon,250,2.50,Petrol,yes,2001,Galant,25,9.62
BMW,12900.00,sedan,200,2.50,Petrol,yes,2006,523,20,9.52
Mercedes-Benz,12600.00,sedan,300,2.70,Diesel,yes,2003,E-Class,23,12.50
Volkswagen,9800.00,other,117,1.60,Diesel,yes,2014,Caddy,12,9.00
Audi,3650.00,sedan,270,1.90,Diesel,yes,2002,A6,24,10.80
Renault,1585.28,hatch,250,1.40,Petrol,yes,1987,5,39,6.25
Volkswagen,37900.00,crossover,73,3.00,Diesel,yes,2012,Touareg,14,4.87
Volkswagen,17900.00,crossover,145,3.00,Diesel,yes,2007,Touareg,19,7.25
BMW,37500.00,crossover,110,4.40,Petrol,yes,2011,X6,15,6.88
BMW,27900.00,sedan,170,3.00,Petrol,yes,2011,530,15,10.62
Mercedes-Benz,126902.16,crossover,0,5.50,Petrol,yes,2016,GLS 63,10,0.00
Volkswagen,10600.00,van,153,1.60,Diesel,yes,2012,Caddy,14,10.20
Mercedes-Benz,39900.00,crossover,127,5.50,Petrol,yes,2010,GL 550,16,7.47
Volkswagen,5200.00,van,260,1.90,Diesel,no,2005,Touran,21,11.82
Volkswagen,16999.00,sedan,105,1.80,Petrol,yes,2011,Passat B7,15,6.56
Toyota,10200.00,sedan,122,6.15,Petrol,yes,2011,Corolla,15,7.62
Renault,8400.00,van,260,1.90,Diesel,yes,2005,Trafic,21,11.82
Audi,30900.00,crossover,27,2.00,Petrol,yes,2011,Q5,15,1.69
Mercedes-Benz,9500.00,van,248,2.20,Diesel,yes,2005,Vito,21,11.27
Mitsubishi,12800.00,crossover,153,1.60,Gas,yes,2011,ASX,15,9.56
BMW,48900.00,crossover,60,3.00,Diesel,yes,2011,X3,15,3.75
Renault,11600.00,vagon,165,1.50,Diesel,yes,2012,Megane,14,11.00
Volkswagen,20200.00,hatch,22,1.20,Petrol,yes,2014,Golf VII,12,1.69
Mercedes-Benz,12700.00,hatch,140,1.70,Gas,yes,2007,B 170,19,7.00
Mercedes-Benz,126902.16,sedan,16,3.00,Diesel,yes,2014,S 350,12,1.23
Toyota,17835.00,crossover,240,2.70,Gas,yes,2007,Land Cruiser Prado,19,12.00
Mercedes-Benz,30900.00,sedan,71,2.20,Diesel,yes,2012,E-Class,14,4.73
Renault,9500.00,sedan,88,1.60,Gas,yes,2012,Fluence,14,5.87
Volkswagen,11500.00,van,192,1.90,Diesel,yes,2008,Caddy,18,10.11
Renault,18932.55,hatch,0,1.50,Diesel,yes,2016,Megane,10,0.00
Mercedes-Benz,33000.00,vagon,91,,Other,yes,2013,E-Class,13,6.50
Renault,11700.00,vagon,155,1.50,Diesel,yes,2012,Megane,14,10.33
Renault,9900.00,crossover,201,1.90,Diesel,yes,2006,Kangoo,20,9.57
Mercedes-Benz,19500.00,sedan,180,3.00,Diesel,yes,2008,E-Class,18,9.47
Mercedes-Benz,6000.00,sedan,350,2.00,Diesel,yes,1985,200,41,8.33
Audi,3400.00,vagon,261,2.50,Diesel,no,2004,A6,22,11.35
Volkswagen,8200.00,other,102,1.60,Diesel,yes,2012,Caddy,14,6.80
Toyota,15600.00,sedan,165,3.50,Gas,yes,2008,Camry,18,8.68
Toyota,47500.00,crossover,45,3.00,Diesel,yes,2014,Land Cruiser Prado,12,3.46
Audi,33900.00,sedan,58,2.00,Petrol,yes,2014,A5,12,4.46
Toyota,97500.00,crossover,2,4.60,Petrol,yes,2016,Land Cruiser 200,10,0.18
Renault,15000.00,sedan,21,1.50,Diesel,yes,2014,Fluence,12,1.62
Toyota,28999.00,sedan,86,3.50,Petrol,yes,2013,Camry,13,6.14
Audi,15000.00,hatch,66,1.20,Petrol,yes,2011,A1,15,4.12
Toyota,36000.00,crossover,66,3.00,Diesel,yes,2010,Land Cruiser Prado,16,3.88
Toyota,19500.00,crossover,150,4.00,Petrol,yes,2005,Land Cruiser Prado,21,6.82
Mercedes-Benz,5000.00,sedan,350,1.80,Other,yes,1995,C-Class,31,10.94
Mercedes-Benz,17800.00,sedan,73,3.00,Petrol,yes,2008,C-Class,18,3.84
Mercedes-Benz,5000.00,sedan,215,2.60,Gas,yes,1992,E-Class,34,6.14
Renault,3100.00,hatch,275,1.20,Petrol,yes,1991,Clio,35,7.64
Renault,1585.28,sedan,240,1.70,Gas,yes,1988,9,38,6.15
BMW,3800.00,sedan,100,1.80,Petrol,yes,1992,318,34,2.86
Renault,1999.00,vagon,260,1.90,Diesel,no,2001,Laguna,25,10.00
Mercedes-Benz,42900.00,hatch,3,,Other,yes,2016,B-Class Electric Drive,10,0.27
Mercedes-Benz,8800.00,sedan,330,5.00,Petrol,yes,2000,S 500,26,12.22
Renault,8800.00,van,250,1.90,Diesel,yes,2006,Trafic,20,11.90
Mercedes-Benz,15300.00,other,168,3.20,Petrol,yes,2003,CLK 320,23,7.00
BMW,39900.00,sedan,5,2.00,Petrol,yes,2016,520,10,0.45
Renault,7400.00,van,181,2.00,Diesel,yes,2007,Trafic,19,9.05
Volkswagen,28000.00,van,163,2.00,Diesel,yes,2010,Multivan,16,9.59
Volkswagen,12300.00,van,182,2.00,Diesel,yes,2011,T6 (Transporter) ,15,11.38
Renault,3600.00,sedan,101,2.00,Petrol,yes,1997,Megane,29,3.37
Toyota,8450.00,sedan,193,1.60,Gas,yes,2007,Corolla,19,9.65
Volkswagen,2500.00,hatch,297,1.60,Petrol,yes,1995,Golf III,31,9.28
Toyota,9950.00,sedan,106,1.60,Gas,yes,2008,Corolla,18,5.58
Mercedes-Benz,23200.00,sedan,58,1.80,Petrol,yes,2010,C-Class,16,3.41
Toyota,10500.00,sedan,124,1.80,Petrol,yes,2008,Avensis,18,6.53
Mercedes-Benz,11200.00,sedan,280,2.20,Diesel,yes,2005,E-Class,21,12.73
Volkswagen,9750.00,van,1,1.90,Diesel,yes,2004,T5 (Transporter),22,0.04
Toyota,20800.00,crossover,70,2.70,Petrol,yes,2008,Land Cruiser Prado,18,3.68
Audi,33500.00,hatch,35,1.80,Petrol,yes,2014,A5,12,2.69
Volkswagen,10000.00,sedan,66,1.60,Petrol,yes,2011,Polo,15,4.12
Mitsubishi,2199.00,hatch,400,1.80,Other,yes,1991,Galant,35,11.11
Audi,16800.00,hatch,47,1.20,Petrol,yes,2013,A3,13,3.36
Mercedes-Benz,25500.00,crossover,200,4.00,Diesel,yes,2007,GL 420,19,10.00
Audi,2099.00,sedan,314,1.90,Diesel,no,1996,A4,30,10.13
Toyota,20000.00,crossover,250,4.20,Diesel,yes,2000,Land Cruiser 100,26,9.26
Volkswagen,7400.00,van,380,2.50,Diesel,yes,2000,T4 (Transporter),26,14.07
Volkswagen,12000.00,other,209,,Diesel,yes,2006,T5 (Transporter) ,20,9.95
BMW,16500.00,sedan,150,2.50,Petrol,yes,2005,325,21,6.82
Audi,18500.00,sedan,137,,Petrol,yes,2009,A6,17,7.61
Mercedes-Benz,43500.00,other,51,3.00,Diesel,yes,2014,E-Class,12,3.92
Renault,7450.00,other,190,,Diesel,yes,2004,Grand Scenic,22,8.26
Volkswagen,3100.00,hatch,118,1.80,Gas,yes,1993,Golf III,33,3.47
Mercedes-Benz,12100.00,sedan,310,2.20,Diesel,yes,2005,E-Class,21,14.09
Mercedes-Benz,12000.00,van,230,2.20,Diesel,yes,2008,Vito,18,12.11
Mitsubishi,33000.00,other,0,2.40,Diesel,yes,2016,L 200,10,0.00
Renault,15672.15,van,0,1.50,Diesel,yes,2016,Dokker,10,0.00
Renault,6600.00,van,134,1.50,Diesel,yes,2011,Kangoo,15,8.38
Renault,12800.00,vagon,127,1.50,Diesel,yes,2011,Megane,15,7.94
Mercedes-Benz,126902.16,sedan,68,6.00,Petrol,yes,2011,S 600,15,4.25
Renault,7200.00,van,73,1.50,Diesel,yes,2012,Kangoo,14,4.87
BMW,21000.00,hatch,79,1.60,Petrol,yes,2013,118,13,5.64
Mitsubishi,5900.00,hatch,92,1.60,Petrol,yes,2003,Carisma,23,3.83
Volkswagen,9500.00,van,205,2.00,Petrol,yes,2006,Passat B6,20,9.76
Renault,2100.00,van,270,1.90,Diesel,no,2002,Scenic,24,10.80
Audi,4000.00,sedan,260,,Diesel,no,2000,A6,26,9.63
Toyota,8100.00,hatch,91,1.60,Petrol,yes,2007,Auris,19,4.55
Mercedes-Benz,60000.00,crossover,140,5.50,Gas,yes,2008,G 55 AMG,18,7.37
BMW,2899.00,sedan,260,2.00,Diesel,no,2000,320,26,9.63
BMW,73900.00,sedan,57,4.40,Petrol,yes,2013,M5,13,4.07
BMW,7998.00,sedan,253,,Petrol,yes,1998,323,28,8.72
BMW,3400.00,vagon,191,2.00,Diesel,no,2002,320,24,7.64
BMW,26500.00,sedan,70,3.00,Petrol,yes,2008,330,18,3.68
Mitsubishi,5800.00,sedan,186,1.60,Petrol,yes,2006,Lancer,20,8.86
BMW,9999.00,sedan,200,1.80,Petrol,yes,2004,318,22,8.70
Volkswagen,12999.00,vagon,95,1.60,Diesel,yes,2010,Passat B6,16,5.59
Mercedes-Benz,75500.00,van,14,2.20,Diesel,yes,2015,V 250,11,1.17
BMW,2499.00,sedan,210,1.80,Petrol,no,2000,318,26,7.78
Renault,2900.00,hatch,280,,Diesel,no,2005,Scenic,21,12.73
Volkswagen,3500.00,hatch,201,1.90,Diesel,no,2002,Golf IV,24,8.04
Volkswagen,10000.00,van,283,2.50,Diesel,yes,2005,T5 (Transporter),21,12.86
Mitsubishi,7000.00,sedan,133,1.60,Petrol,yes,2008,Lancer,18,7.00
Mercedes-Benz,126902.16,van,1,3.00,Diesel,yes,2014,Sprinter 319,12,0.08
Volkswagen,35999.00,crossover,84,3.00,Diesel,yes,2011,Touareg,15,5.25
Mitsubishi,2900.00,sedan,350,1.60,Petrol,yes,1994,Lancer,32,10.61
Volkswagen,32400.00,crossover,50,2.00,Diesel,yes,2014,Tiguan,12,3.85
Mitsubishi,15000.00,crossover,95,2.50,Diesel,yes,2008,Pajero Sport,18,5.00
Mitsubishi,7300.00,sedan,145,1.60,Petrol,yes,2008,Lancer,18,7.63
Toyota,30500.00,sedan,7,2.50,Gas,yes,2015,Camry,11,0.58
BMW,6300.00,sedan,270,3.50,Petrol,yes,1998,735,28,9.31
Mitsubishi,6200.00,sedan,170,,Other,yes,2005,Lancer,21,7.73
BMW,23500.00,crossover,180,4.80,Petrol,yes,2008,X5,18,9.47
Volkswagen,10400.00,sedan,87,1.60,Petrol,yes,2011,Polo,15,5.44
Volkswagen,22600.00,crossover,187,3.00,Diesel,yes,2008,Touareg,18,9.84
Volkswagen,8900.00,hatch,128,1.40,Petrol,yes,2010,Polo,16,7.53
Audi,8400.00,sedan,260,1.80,Gas,yes,2003,A4,23,10.83
Toyota,13300.00,sedan,158,2.00,Gas,yes,2009,Avensis,17,8.78
Mercedes-Benz,16500.00,van,152,2.20,Diesel,yes,2012,Vito,14,10.13
Renault,4200.00,vagon,180,1.40,Petrol,yes,2000,Kangoo,26,6.67
Volkswagen,18999.00,sedan,122,1.80,Petrol,yes,2012,Passat CC,14,8.13
Mitsubishi,12400.00,sedan,52,1.60,Petrol,yes,2013,Lancer X,13,3.71
Mitsubishi,3950.00,other,280,2.50,Diesel,no,1994,Pajero,32,8.48
Toyota,13850.00,hatch,24,1.60,Other,yes,2010,Auris,16,1.41
Mitsubishi,5999.00,hatch,108,1.30,Petrol,yes,2006,Colt,20,5.14
Audi,2650.00,sedan,300,2.00,Petrol,yes,1987,80,39,7.50
BMW,5400.00,sedan,404,2.50,Petrol,yes,1992,525,34,11.54
Mercedes-Benz,28500.00,hatch,15,1.80,Diesel,yes,2014,A 180,12,1.15
Mercedes-Benz,46900.00,other,10,2.20,Diesel,yes,2012,E-Class,14,0.67
Renault,12000.00,sedan,81,2.00,Petrol,yes,2012,Fluence,14,5.40
Volkswagen,29040.00,sedan,0,1.40,Petrol,yes,2015,Jetta,11,0.00
Audi,9800.00,hatch,165,1.60,Gas,yes,2006,A3,20,7.86
BMW,7000.00,sedan,400,2.80,Petrol,yes,1998,528,28,13.79
Volkswagen,12800.00,van,230,2.00,Diesel,yes,2011,T5 (Transporter) ,15,14.38
BMW,8500.00,sedan,365,3.00,Diesel,yes,2001,530,25,14.04
Toyota,3650.00,hatch,260,1.30,Petrol,yes,1996,Corolla,30,8.39
Volkswagen,11500.00,other,51,1.60,Petrol,yes,2013,Polo,13,3.64
Volkswagen,9800.00,van,130,1.60,Diesel,yes,2012,Caddy,14,8.67
Renault,2350.00,van,380,1.90,Diesel,no,2003,Espace,23,15.83
Audi,21800.00,vagon,172,2.00,Diesel,yes,2011,A4,15,10.75
Volkswagen,20300.00,crossover,139,3.00,Diesel,yes,2008,Touareg,18,7.32
Mercedes-Benz,11800.00,sedan,167,3.20,Diesel,yes,2003,E-Class,23,6.96
Renault,8400.00,van,248,2.50,Diesel,yes,2005,Trafic,21,11.27
Mercedes-Benz,81500.00,sedan,1,3.00,Diesel,yes,2016,GLE-Class,10,0.09
Mitsubishi,20300.00,other,30,,Diesel,yes,2014,L 200,12,2.31
Toyota,14900.00,other,175,3.50,Gas,yes,2008,Camry,18,9.21
Mitsubishi,7500.00,sedan,79,1.60,Gas,yes,2008,Lancer,18,4.16
Volkswagen,9400.00,hatch,187,1.60,Petrol,yes,2008,Golf V,18,9.84
Renault,8700.00,hatch,21,1.60,Petrol,yes,2011,Sandero,15,1.31
Volkswagen,13700.00,sedan,134,2.00,Diesel,yes,2012,Passat B6,14,8.93
Audi,4000.00,sedan,263,1.90,Diesel,yes,1996,A4,30,8.48
Audi,2850.00,sedan,260,,Other,no,1999,A6,27,9.29
Volkswagen,8950.00,van,206,1.60,Diesel,yes,2012,Caddy,14,13.73
Audi,4299.00,sedan,307,2.80,Gas,yes,1991,100,35,8.53
Toyota,36500.00,crossover,2,3.00,Diesel,yes,2014,Hilux,12,0.15
Mercedes-Benz,7600.00,van,315,2.90,Diesel,yes,1996,Sprinter 312,30,10.16
Mitsubishi,9200.00,crossover,110,2.40,Petrol,yes,2006,Outlander,20,5.24
Mercedes-Benz,13000.00,sedan,191,1.80,Petrol,yes,2005,E-Class,21,8.68
Toyota,24000.00,crossover,132,4.00,Petrol,yes,2008,Land Cruiser Prado,18,6.95
Mercedes-Benz,8500.00,van,440,2.90,Diesel,yes,1998,Sprinter 312,28,15.17
Mercedes-Benz,20900.00,other,250,3.20,Diesel,yes,2007,ML 320,19,12.50
BMW,18500.00,sedan,79,3.00,Diesel,no,2012,530,14,5.27
Mercedes-Benz,2000.00,sedan,270,2.90,Diesel,no,1996,E-Class,30,8.71
Audi,2400.00,sedan,310,2.00,Diesel,yes,1989,100,37,8.16
Volkswagen,10800.00,sedan,63,6.15,Petrol,yes,2007,Passat B6,19,3.15
Renault,12399.00,van,177,2.00,Diesel,yes,2009,Trafic,17,9.83
Toyota,15200.00,crossover,208,2.00,Petrol,yes,2006,Rav 4,20,9.90
Audi,23800.00,crossover,205,4.20,Gas,yes,2007,Q7,19,10.25
Volkswagen,3000.00,vagon,275,1.90,Diesel,no,2001,Passat B5,25,10.58
Mercedes-Benz,4000.00,sedan,300,1.80,Petrol,yes,1996,C-Class,30,9.68
Renault,7000.00,vagon,231,1.60,Petrol,yes,2008,Scenic,18,12.16
Volkswagen,17900.00,van,92,1.40,Petrol,yes,2012,Sharan,14,6.13
Audi,3400.00,vagon,223,2.50,Diesel,no,2001,A6,25,8.58
Volkswagen,2200.00,hatch,33,1.90,Diesel,yes,1985,Golf II,41,0.79
BMW,7000.00,sedan,227,3.00,Diesel,no,2004,730,22,9.87
Audi,98000.00,other,12,5.20,Petrol,yes,2012,R8,14,0.80
Volkswagen,12650.00,van,167,2.00,Diesel,yes,2011,T5 (Transporter) ,15,10.44
Volkswagen,39040.00,sedan,0,2.00,Diesel,yes,2014,Passat CC,12,0.00
BMW,25500.00,crossover,187,4.80,Gas,yes,2007,X5,19,9.35
Volkswagen,9000.00,sedan,130,1.60,Petrol,yes,2012,Polo,14,8.67
BMW,47300.00,crossover,10,2.00,Diesel,yes,2016,X3,10,0.91
Renault,11500.00,van,177,2.00,Diesel,yes,2008,Trafic,18,9.32
Mitsubishi,19000.00,crossover,47,2.00,Petrol,yes,2012,ASX,14,3.13
Mercedes-Benz,18500.00,crossover,1,3.50,Gas,yes,2006,ML 350,20,0.05
Volkswagen,7170.00,van,176,2.00,Diesel,yes,2005,Caddy,21,8.00
Mercedes-Benz,28000.00,other,250,3.00,Diesel,yes,2008,GL 320,18,13.16
Audi,28500.00,sedan,74,1.80,Petrol,yes,2012,A4,14,4.93
Volkswagen,25500.00,other,52,2.00,Petrol,yes,2012,Scirocco,14,3.47
Mitsubishi,10999.00,other,281,3.00,Gas,yes,2003,Pajero Wagon,23,11.71
Mercedes-Benz,42500.00,sedan,100,5.50,Petrol,yes,2011,S 500,15,6.25
Toyota,16800.00,crossover,165,2.70,Petrol,yes,2005,Land Cruiser Prado,21,7.50
Volkswagen,17900.00,vagon,115,1.80,Petrol,yes,2012,Passat B7,14,7.67
BMW,19900.00,other,218,3.00,Petrol,yes,2007,335,19,10.90
Volkswagen,8750.00,van,200,2.50,Diesel,yes,2006,T5 (Transporter),20,9.52
Mercedes-Benz,111999.00,crossover,0,3.00,Diesel,yes,2016,GLS 350,10,0.00
BMW,9500.00,sedan,217,2.20,Petrol,yes,2002,320,24,8.68
Toyota,7500.00,hatch,98,1.30,Other,yes,2006,Yaris,20,4.67
Mercedes-Benz,32500.00,crossover,254,3.20,Diesel,yes,2008,GL 320,18,13.37
BMW,45000.00,sedan,110,,Other,yes,2012,535,14,7.33
Audi,3700.00,vagon,273,2.50,Diesel,no,2003,A6,23,11.38
Mitsubishi,8500.00,other,135,1.50,Gas,yes,2008,Lancer X,18,7.11
Mercedes-Benz,109900.00,sedan,40,3.00,Diesel,yes,2014,S 350,12,3.08
Mercedes-Benz,39900.00,other,88,6.15,Petrol,yes,2008,CL 63 AMG,18,4.63
Mercedes-Benz,4700.00,sedan,260,2.70,Diesel,no,2002,E-Class,24,10.40
Audi,13200.00,vagon,182,2.70,Gas,yes,2003,A6 Allroad,23,7.58
Renault,6700.00,van,216,1.50,Diesel,yes,2010,Kangoo,16,12.71
Volkswagen,23000.00,sedan,80,2.00,Other,yes,2011,Passat CC,15,5.00
Volkswagen,6400.00,van,181,2.00,Diesel,yes,2008,Caddy,18,9.53
Mercedes-Benz,97555.00,van,0,2.50,Diesel,yes,2016,V 250,10,0.00
Audi,7900.00,sedan,242,2.00,Petrol,yes,2002,A4,24,9.68
Mercedes-Benz,5300.00,sedan,380,3.00,Diesel,yes,1995,E-Class,31,11.88
Toyota,24171.42,sedan,1,2.50,Petrol,yes,2016,Camry,10,0.09
Audi,23400.00,sedan,112,2.00,Diesel,yes,2012,A4,14,7.47
Toyota,10500.00,sedan,185,1.60,Petrol,yes,2008,Corolla,18,9.74
Mercedes-Benz,4900.00,van,262,2.30,Diesel,yes,1998,Vito,28,9.03
BMW,16300.00,crossover,258,4.40,Petrol,yes,2005,X5,21,11.73
Renault,1585.28,van,265,1.90,Diesel,no,1999,Kangoo,27,9.46
Mercedes-Benz,6700.00,van,1,2.20,Diesel,yes,2004,Vito,22,0.04
Renault,2850.00,hatch,315,2.20,Diesel,no,2003,Laguna,23,13.12
Mercedes-Benz,109999.00,crossover,0,2.98,Diesel,yes,2016,GLS 350,10,0.00
Audi,3650.00,sedan,240,2.50,Diesel,no,2000,A6,26,8.89
Volkswagen,4100.00,vagon,350,1.90,Diesel,yes,2003,Passat B5,23,14.58
Mercedes-Benz,9300.00,van,159,2.20,Diesel,yes,2010,Vito,16,9.35
BMW,18500.00,crossover,250,4.40,Gas,yes,2005,X5,21,11.36
Mercedes-Benz,7600.00,sedan,384,2.80,Petrol,yes,2000,E-Class,26,14.22
Mitsubishi,7300.00,sedan,112,1.60,Petrol,yes,2008,Lancer,18,5.89
Renault,6700.00,van,220,2.00,Other,yes,2007,Trafic,19,11.00
Toyota,14400.00,sedan,80,2.40,Petrol,yes,2008,Camry,18,4.21
Toyota,10600.00,sedan,204,1.80,Other,yes,2008,Avensis,18,10.74
BMW,126902.16,crossover,0,4.40,Petrol,yes,2016,X6 M,10,0.00
Renault,10000.00,vagon,234,2.00,Diesel,yes,2008,Laguna,18,12.32
Toyota,12999.00,sedan,160,3.50,Gas,yes,2007,Avalon,19,8.00
Renault,6800.00,van,168,1.50,Diesel,yes,2012,Kangoo,14,11.20
Volkswagen,15850.00,crossover,98,2.00,Diesel,yes,2008,Tiguan,18,5.16
Renault,6000.00,van,162,1.40,Petrol,yes,2007,Kangoo,19,8.10
Volkswagen,44700.00,van,120,3.50,Petrol,yes,2013,Sharan,13,8.57
Renault,5600.00,vagon,117,1.50,Diesel,yes,2008,Kangoo,18,6.16
Renault,6100.00,vagon,130,,Diesel,yes,2009,Kangoo,17,7.22
Mercedes-Benz,21500.00,sedan,159,1.80,Gas,yes,2012,E-Class,14,10.60
Renault,7600.00,van,183,1.90,Diesel,yes,2006,Trafic,20,8.71
Mercedes-Benz,1950.00,sedan,1,2.00,Diesel,yes,1979,200,47,0.02
Volkswagen,9000.00,hatch,120,1.20,Diesel,yes,2012,Polo,14,8.00
BMW,35500.00,sedan,235,3.00,Diesel,yes,2010,730,16,13.82
Mitsubishi,5500.00,sedan,165,1.60,Petrol,yes,2006,Lancer,20,7.86
Mercedes-Benz,32500.00,crossover,168,3.20,Diesel,yes,2009,GL 320,17,9.33
BMW,18000.00,sedan,245,2.50,Petrol,yes,2007,523,19,12.25
Mercedes-Benz,18000.00,van,147,2.20,Diesel,yes,2013,Vito,13,10.50
Renault,10999.00,vagon,216,1.50,Diesel,yes,2012,Megane,14,14.40
Renault,7500.00,van,240,6.15,Diesel,yes,2005,Grand Scenic,21,10.91
Mercedes-Benz,22700.00,sedan,140,5.00,Petrol,yes,2007,S 500,19,7.00
Toyota,23500.00,sedan,75,2.50,Gas,yes,2011,Camry,15,4.69
Mercedes-Benz,10000.00,other,275,2.15,Diesel,yes,2006,Sprinter 313,20,13.10
Volkswagen,7700.00,van,157,1.90,Diesel,yes,2006,Caddy,20,7.48
Volkswagen,10900.00,van,185,1.90,Diesel,yes,2009,Caddy,17,10.28
Audi,12999.00,vagon,225,2.50,Diesel,yes,2004,A6 Allroad,22,9.78
BMW,67500.00,crossover,1,2.00,Diesel,yes,2016,X5,10,0.09
Volkswagen,6800.00,van,325,2.50,Diesel,yes,2001,T4 (Transporter),25,12.50
Mercedes-Benz,126902.16,crossover,82,5.50,Petrol,yes,2014,G 63 AMG,12,6.31
Mitsubishi,4950.00,sedan,256,2.00,Petrol,yes,1997,Galant,29,8.53
Renault,6999.00,sedan,65,1.40,Petrol,yes,2012,Symbol,14,4.33
Volkswagen,29800.00,hatch,0,2.00,Diesel,yes,2015,Golf VII,11,0.00
Mercedes-Benz,16500.00,van,386,2.20,Diesel,yes,2006,Sprinter 313,20,18.38
BMW,6500.00,sedan,320,3.00,Gas,yes,2000,530,26,11.85
Renault,9999.00,vagon,100,1.50,Diesel,yes,2010,Kangoo,16,5.88
Volkswagen,8500.00,vagon,200,1.90,Diesel,yes,2003,Passat B5,23,8.33
Toyota,5750.00,hatch,160,1.20,Petrol,yes,2006,Yaris,20,7.62
BMW,4950.00,sedan,1,3.00,Petrol,yes,1996,730,30,0.03
BMW,19900.00,other,129,2.00,Petrol,yes,2008,320,18,6.79
Mitsubishi,15900.00,crossover,180,3.00,Gas,yes,2008,Pajero Wagon,18,9.47
Toyota,13500.00,crossover,131,2.40,Gas,yes,2006,Rav 4,20,6.24
Volkswagen,18950.00,crossover,149,3.00,Diesel,yes,2008,Touareg,18,7.84
BMW,75555.00,sedan,30,4.40,Petrol,yes,2014,550,12,2.31
Volkswagen,3650.00,sedan,197,2.00,Petrol,yes,1996,Passat B4,30,6.35
Volkswagen,16000.00,crossover,90,2.00,Petrol,yes,2011,Tiguan,15,5.62
Toyota,21600.00,sedan,66,2.50,Petrol,yes,2011,Camry,15,4.12
Toyota,9500.00,hatch,103,1.60,Petrol,yes,2008,Auris,18,5.42
Audi,51500.00,crossover,28,3.00,Diesel,yes,2014,Q7,12,2.15
Volkswagen,5000.00,van,400,2.40,Diesel,yes,1993,T4 (Transporter),33,11.76
Volkswagen,27000.00,other,90,2.00,Diesel,yes,2014,Tiguan,12,6.92
Renault,10900.00,other,189,2.00,Diesel,yes,2012,Trafic,14,12.60
BMW,37700.00,crossover,108,3.00,Petrol,yes,2011,X3,15,6.75
Renault,6299.00,van,66,1.50,Diesel,yes,2012,Kangoo,14,4.40
Mercedes-Benz,39900.00,sedan,29,6.15,Petrol,yes,2007,S 63 AMG,19,1.45
BMW,26900.00,crossover,140,4.80,Petrol,yes,2009,X5,17,7.78
Audi,8999.00,vagon,190,2.70,Gas,yes,2004,A6 Allroad,22,8.26
Mercedes-Benz,20400.00,sedan,190,1.80,Gas,yes,2011,E-Class,15,11.88
Volkswagen,16200.00,sedan,116,2.00,Diesel,yes,2011,Passat B7,15,7.25
Mitsubishi,5700.00,other,230,2.00,Petrol,yes,2003,Galant,23,9.58
BMW,9500.00,sedan,315,2.50,Diesel,yes,2001,525,25,12.12
BMW,25999.00,sedan,80,2.00,Petrol,yes,2012,320,14,5.33
Audi,28950.00,crossover,60,2.00,Petrol,yes,2012,Q5,14,4.00
Audi,6499.00,sedan,270,4.20,Petrol,yes,2000,S8,26,10.00
Audi,3500.00,sedan,35,1.80,Gas,yes,1990,80,36,0.95
Renault,7450.00,hatch,68,1.20,Petrol,yes,2009,Modus,17,3.78
Mercedes-Benz,10500.00,sedan,266,5.00,Gas,yes,2004,S 500,22,11.57
BMW,31111.00,sedan,117,4.40,Petrol,yes,2010,750,16,6.88
Toyota,27000.00,other,192,3.00,Diesel,yes,2007,Hilux,19,9.60
Toyota,26250.00,sedan,17,2.50,Petrol,yes,2015,Camry,11,1.42
Mercedes-Benz,7300.00,van,245,2.20,Diesel,yes,2002,Vito,24,9.80
Renault,11400.00,van,122,2.00,Diesel,yes,2013,Trafic,13,8.71
Volkswagen,2200.00,sedan,279,1.90,Diesel,no,2000,Passat B5,26,10.33
Toyota,10500.00,van,200,2.70,Gas,yes,2005,Tacoma,21,9.09
Toyota,10500.00,crossover,200,4.50,Gas,yes,1996,Land Cruiser 80,30,6.45
Volkswagen,10974.21,sedan,1,1.60,Petrol,yes,2015,Polo,11,0.08
Volkswagen,11500.00,sedan,119,2.00,Diesel,yes,2007,Passat B6,19,5.95
BMW,42000.00,sedan,59,4.40,Petrol,yes,2009,750,17,3.28
Mercedes-Benz,17990.00,crossover,230,3.00,Diesel,yes,2007,R 320,19,11.50
Audi,2500.00,vagon,300,2.50,Diesel,no,2002,A6,24,12.00
Audi,16500.00,sedan,136,3.20,Petrol,yes,2007,A6,19,6.80
Audi,47000.00,crossover,64,3.00,Diesel,yes,2013,Q7,13,4.57
Mitsubishi,5300.00,hatch,240,1.80,Petrol,yes,2000,Carisma,26,8.89
Toyota,41900.00,van,0,2.50,Diesel,yes,2016,Hiace,10,0.00
BMW,7000.00,other,226,2.50,Petrol,yes,1999,525,27,8.07
Mercedes-Benz,26600.00,van,122,3.00,Diesel,yes,2012,Vito,14,8.13
Mitsubishi,6500.00,sedan,133,1.60,Petrol,yes,2007,Lancer,19,6.65
Volkswagen,9600.00,sedan,185,1.60,Gas,yes,2008,Jetta,18,9.74
Mitsubishi,3200.00,sedan,106,2.00,Gas,yes,1997,Galant,29,3.53
Mercedes-Benz,11200.00,other,198,6.00,Petrol,yes,2004,S 600,22,8.61
Mitsubishi,7900.00,crossover,143,2.00,Gas,yes,2007,Outlander,19,7.15
Audi,29602.95,sedan,1,1.40,Petrol,yes,2016,A4,10,0.09
Mercedes-Benz,8950.00,sedan,154,3.50,Gas,no,2005,CLS 350,21,7.00
Renault,8700.00,vagon,123,1.50,Diesel,yes,2009,Megane,17,6.83
Toyota,12900.00,sedan,177,2.40,Gas,yes,2009,Camry,17,9.83
Renault,10600.00,vagon,113,1.50,Diesel,yes,2011,Megane,15,7.06
Toyota,8500.00,hatch,93,1.60,Petrol,yes,2007,Auris,19,4.65
Toyota,14900.00,hatch,100,1.80,Other,yes,2010,Prius,16,5.88
Mitsubishi,2500.00,other,350,1.80,Petrol,yes,1990,Galant,36,9.46
Toyota,14400.00,crossover,119,,Gas,yes,2008,Rav 4,18,6.26
Audi,34000.00,crossover,118,2.00,Diesel,yes,2013,Q5,13,8.43
Mercedes-Benz,39000.00,crossover,195,5.00,Gas,yes,2002,G 500,24,7.80
Mercedes-Benz,10500.00,sedan,285,1.80,Gas,yes,2003,E-Class,23,11.88
Mitsubishi,2600.00,vagon,93,2.50,Petrol,no,1997,Galant,29,3.10
BMW,4800.00,sedan,111,2.50,Gas,yes,1991,525,35,3.08
Volkswagen,7800.00,van,352,2.50,Diesel,yes,2001,T4 (Transporter),25,13.54
Mercedes-Benz,99999.00,crossover,0,3.00,Petrol,yes,2016,GLE-Class,10,0.00
Toyota,15300.00,crossover,130,2.00,Petrol,yes,2008,Rav 4,18,6.84
Toyota,8500.00,hatch,55,1.20,Petrol,yes,2011,Aygo,15,3.44
Renault,3000.00,van,217,1.40,Petrol,yes,2004,Kangoo,22,9.43
BMW,5000.00,sedan,400,2.00,Petrol,yes,1991,520,35,11.11
Renault,11403.99,sedan,0,1.20,Petrol,yes,2016,Logan,10,0.00
BMW,59900.00,crossover,30,2.00,Diesel,yes,2016,X5,10,2.73
Volkswagen,5400.00,hatch,320,1.40,Petrol,yes,2002,Golf IV,24,12.80
Volkswagen,17500.00,vagon,160,1.40,Petrol,yes,2011,Passat B7,15,10.00
Renault,6300.00,sedan,167,1.60,Petrol,yes,2005,Megane,21,7.59
Volkswagen,1900.00,hatch,300,1.90,Diesel,no,1999,Golf IV,27,10.71
Toyota,12400.00,sedan,135,3.50,Gas,yes,2007,Camry,19,6.75
Volkswagen,8500.00,hatch,141,2.00,Petrol,yes,2000,Beetle,26,5.22
Mercedes-Benz,47600.00,van,0,2.20,Diesel,yes,2016,Vito,10,0.00
Mercedes-Benz,39900.00,crossover,126,5.50,Petrol,yes,2010,GL 500,16,7.41
Volkswagen,3350.00,hatch,122,1.40,Petrol,yes,1993,Golf III,33,3.59
Mercedes-Benz,126902.16,crossover,0,6.15,Petrol,yes,2016,S 63 AMG,10,0.00
Renault,8200.00,vagon,180,1.60,Gas,yes,2010,Kangoo,16,10.59
Volkswagen,22200.00,hatch,51,2.00,Petrol,yes,2013,New Beetle,13,3.64
Renault,7999.00,van,141,1.50,Diesel,yes,2006,Scenic,20,6.71
Volkswagen,2499.00,sedan,220,1.90,Diesel,no,2004,Passat B5,22,9.57
BMW,66200.00,crossover,70,3.00,Diesel,yes,2014,X5,12,5.38
Audi,21000.00,hatch,34,1.40,Petrol,yes,2013,A3,13,2.43
Volkswagen,7200.00,van,270,1.90,Diesel,yes,2008,T5 (Transporter) ,18,14.21
BMW,34900.00,crossover,65,2.00,Petrol,yes,2013,X3,13,4.64
Audi,17500.00,sedan,94,1.80,Petrol,yes,2008,A4,18,4.95
Volkswagen,9600.00,van,148,1.60,Diesel,yes,2011,Caddy,15,9.25
Toyota,2200.00,vagon,300,2.00,Petrol,yes,1989,Camry,37,7.89
BMW,32000.00,crossover,108,3.00,Petrol,yes,2008,X6,18,5.68
Volkswagen,4700.00,van,342,1.90,Diesel,yes,1996,T4 (Transporter) ,30,11.03
Mitsubishi,1585.28,sedan,280,1.80,Diesel,yes,1986,Galant,40,6.83
Volkswagen,11000.00,van,282,2.50,Diesel,yes,2006,T5 (Transporter),20,13.43
Volkswagen,24000.00,sedan,105,2.00,Diesel,yes,2012,Passat CC,14,7.00
Renault,4100.00,other,270,1.20,Gas,yes,1999,Kangoo,27,9.64
BMW,5800.00,sedan,270,4.40,Petrol,yes,1996,540,30,8.71
Audi,8600.00,sedan,260,2.50,Diesel,yes,2002,A6,24,10.40
Audi,3500.00,other,360,2.20,Gas,yes,1990,100,36,9.73
Mercedes-Benz,7777.00,sedan,270,2.80,Gas,yes,1996,S 140,30,8.71
Mercedes-Benz,126902.16,crossover,0,4.67,Petrol,yes,2016,GLS 500,10,0.00
Volkswagen,19500.00,crossover,112,2.50,Diesel,yes,2008,Touareg,18,5.89
BMW,13300.00,vagon,157,2.00,Diesel,yes,2007,520,19,7.85
Mitsubishi,15900.00,crossover,180,3.00,Gas,yes,2008,Pajero Wagon,18,9.47
Mercedes-Benz,28500.00,sedan,90,5.50,Petrol,yes,2007,S 500,19,4.50
BMW,27300.00,sedan,155,2.00,Diesel,yes,2012,520,14,10.33
Renault,4800.00,sedan,100,1.40,Petrol,yes,2006,Clio,20,4.76
Mercedes-Benz,11499.00,other,157,2.20,Diesel,yes,2012,Vito,14,10.47
BMW,8500.00,sedan,284,1.90,Gas,yes,2000,316,26,10.52
Mercedes-Benz,3800.00,van,440,2.20,Diesel,no,2001,Sprinter,25,16.92
Mercedes-Benz,47600.00,van,0,2.20,Diesel,yes,2016,Vito,10,0.00
Toyota,17900.00,crossover,133,2.70,Gas,yes,2007,Land Cruiser Prado,19,6.65
Audi,11800.00,vagon,278,2.50,Diesel,yes,2005,A6,21,12.64
Audi,11115.00,hatch,150,1.60,Petrol,yes,2008,A3,18,7.89
Volkswagen,12999.00,van,160,2.00,Diesel,yes,2011,T6 (Transporter),15,10.00
Toyota,24842.03,sedan,0,1.80,Petrol,yes,2016,Avensis,10,0.00
Audi,7200.00,sedan,300,,Gas,yes,1999,A6,27,10.71
Mitsubishi,8400.00,sedan,250,2.00,Petrol,yes,2007,Lancer X,19,12.50
Toyota,15500.00,sedan,129,3.50,Other,yes,2008,Camry,18,6.79
BMW,13999.00,sedan,265,3.00,Diesel,yes,2005,730,21,12.05
Mitsubishi,10200.00,sedan,104,,Gas,yes,2008,Lancer X,18,5.47
Toyota,42900.00,crossover,51,3.00,Diesel,yes,2013,Land Cruiser Prado,13,3.64
Volkswagen,47777.00,sedan,91,3.00,Diesel,yes,2012,Phaeton,14,6.07
Renault,7550.00,hatch,155,2.00,Petrol,yes,2007,Laguna,19,7.75
BMW,68500.00,sedan,43,4.40,Petrol,yes,2013,750,13,3.07
Volkswagen,8400.00,van,300,2.50,Diesel,yes,2004,T5 (Transporter),22,13.04
Renault,24193.65,van,1,1.60,Diesel,yes,2015,Trafic,11,0.08
Renault,14700.00,crossover,61,1.50,Diesel,yes,2013,Duster,13,4.36
Renault,8300.00,van,127,1.50,Diesel,yes,2011,Kangoo,15,7.94
Volkswagen,19000.00,vagon,185,2.00,Diesel,yes,2011,Passat B7,15,11.56
BMW,3700.00,sedan,305,1.90,Petrol,no,2000,318,26,11.30
BMW,4500.00,sedan,307,2.50,Petrol,yes,1994,525,32,9.30
Toyota,9400.00,sedan,140,1.60,Petrol,yes,2008,Corolla,18,7.37
Toyota,25000.00,crossover,115,5.70,Petrol,yes,2007,Tundra,19,5.75
Volkswagen,18000.00,sedan,110,2.00,Diesel,yes,2013,Passat B7,13,7.86
Toyota,12300.00,sedan,135,2.40,Petrol,yes,2006,Camry,20,6.43
Mercedes-Benz,20500.00,sedan,235,2.20,Diesel,yes,2007,E-Class,19,11.75
Renault,11900.00,other,162,2.30,Other,yes,2011,Master,15,10.12
BMW,3990.00,sedan,350,2.50,Petrol,yes,1995,525,31,10.94
BMW,2200.00,sedan,290,1.60,Petrol,yes,1985,316,41,6.90
Mercedes-Benz,13600.00,van,190,2.20,Diesel,yes,2009,Vito,17,10.56
BMW,17300.00,sedan,180,3.00,Diesel,yes,2007,730,19,9.00
Mercedes-Benz,12500.00,van,386,2.20,Diesel,yes,2008,Sprinter 313,18,20.32
BMW,13900.00,crossover,184,3.00,Gas,yes,2004,X5,22,8.00
BMW,39600.00,crossover,98,3.00,Petrol,yes,2011,X6,15,6.12
Volkswagen,11700.00,van,185,1.40,Petrol,yes,2008,Cross Touran,18,9.74
Audi,7200.00,sedan,250,2.40,Gas,yes,1998,A6,28,8.62
Audi,10999.00,sedan,200,1.80,Petrol,yes,2006,A4,20,9.52
Renault,7900.00,vagon,105,1.50,Diesel,yes,2010,Kangoo,16,6.18
Mercedes-Benz,13900.00,other,168,5.00,Petrol,yes,2002,CL 500,24,6.72
Volkswagen,4500.00,vagon,390,1.90,Diesel,yes,1996,Passat B4,30,12.58
Toyota,9000.00,crossover,180,1.80,Gas,yes,2003,Matrix,23,7.50
Renault,10500.00,vagon,233,1.50,Diesel,yes,2009,Laguna,17,12.94
Mercedes-Benz,13000.00,sedan,220,5.00,Petrol,yes,2003,S 500,23,9.17
Renault,7300.00,van,186,1.50,Diesel,yes,2010,Kangoo,16,10.94
Toyota,21999.00,sedan,80,2.50,Other,yes,2012,Camry,14,5.33
Mitsubishi,10500.00,sedan,57,1.50,Gas,yes,2011,Lancer X,15,3.56
Renault,8300.00,van,137,1.50,Diesel,yes,2014,Kangoo,12,10.54
Mitsubishi,12300.00,other,175,2.50,Diesel,yes,2008,L 200,18,9.21
Renault,14999.00,van,54,6.15,Other,yes,2012,Kangoo,14,3.60
Mercedes-Benz,2900.00,sedan,282,2.20,Diesel,no,2000,210,26,10.44
Mercedes-Benz,12950.00,sedan,313,3.20,Diesel,yes,2003,S 320,23,13.04
BMW,23500.00,crossover,140,4.80,Petrol,yes,2008,X5,18,7.37
Audi,33300.00,crossover,71,2.00,Petrol,yes,2011,Q5,15,4.44
Mitsubishi,8200.00,crossover,210,2.40,Gas,yes,2007,Outlander,19,10.50
Audi,1900.00,sedan,440,2.50,Diesel,no,1996,A6,30,14.19
Volkswagen,7800.00,sedan,220,1.80,Gas,yes,2002,Passat B5,24,8.80
Volkswagen,15900.00,sedan,103,,Petrol,yes,2012,Jetta,14,6.87
Toyota,21800.00,crossover,170,4.00,Gas,yes,2006,Land Cruiser Prado,20,8.10
Mercedes-Benz,22900.00,sedan,74,2.20,Diesel,yes,2011,C-Class,15,4.62
Audi,2350.00,vagon,250,,Diesel,no,2001,A6,25,9.62
Volkswagen,8500.00,other,200,1.60,Diesel,yes,2011,Caddy,15,12.50
Audi,16700.00,vagon,131,2.00,Diesel,yes,2009,A4,17,7.28
Toyota,10100.00,sedan,142,2.40,Petrol,yes,2007,Camry,19,7.10
Renault,7700.00,van,125,1.50,Diesel,yes,2012,Kangoo,14,8.33
Mitsubishi,10800.00,crossover,190,3.00,Gas,yes,2006,Pajero Sport,20,9.05
Mercedes-Benz,4700.00,sedan,1,1.80,Petrol,yes,1996,C-Class,30,0.03
Audi,5999.00,vagon,248,2.50,Diesel,yes,2000,A6,26,9.19
Renault,5800.00,van,143,1.50,Diesel,yes,2007,Kangoo,19,7.15
Mitsubishi,5400.00,sedan,200,1.60,Gas,yes,2005,Lancer,21,9.09
Audi,3000.00,vagon,270,2.50,Diesel,yes,1998,A4,28,9.31
Mitsubishi,3200.00,sedan,330,1.30,Gas,yes,1996,Lancer,30,10.65
Mercedes-Benz,43999.00,sedan,132,3.00,Diesel,yes,2010,S 350,16,7.76
Audi,3600.00,vagon,250,2.50,Other,yes,1999,A6,27,8.93
Mercedes-Benz,5500.00,van,400,2.30,Diesel,yes,1996,Vito,30,12.90
Volkswagen,10200.00,sedan,129,2.00,Petrol,yes,2006,Passat B6,20,6.14
Mercedes-Benz,2990.00,sedan,300,2.80,Gas,yes,1979,S 280,47,6.25
Mercedes-Benz,31500.00,sedan,123,2.20,Diesel,yes,2011,E-Class,15,7.69
Toyota,11500.00,sedan,110,1.60,Petrol,yes,2011,Corolla,15,6.88
Mitsubishi,10888.00,sedan,63,2.00,Petrol,yes,2012,Lancer X,14,4.20
Toyota,38500.00,crossover,20,5.70,Gas,yes,2014,Tundra,12,1.54
Audi,4500.00,vagon,206,2.50,Diesel,no,2003,A6,23,8.58
Volkswagen,55555.00,van,63,2.00,Diesel,yes,2013,Multivan,13,4.50
Volkswagen,13999.00,crossover,150,2.50,Diesel,yes,2005,Touareg,21,6.82
Mercedes-Benz,126902.16,crossover,0,5.50,Petrol,yes,2016,G 63 AMG,10,0.00
BMW,15000.00,other,205,,Petrol,yes,2004,530,22,8.91
Volkswagen,6700.00,van,300,2.50,Diesel,yes,1997,T4 (Transporter),29,10.00
Renault,7100.00,van,135,1.50,Diesel,yes,2013,Kangoo,13,9.64
Audi,81500.00,sedan,0,3.00,Petrol,yes,2016,A7,10,0.00
Renault,6200.00,van,122,1.50,Diesel,yes,2007,Kangoo,19,6.10
Mercedes-Benz,42500.00,sedan,110,3.00,Diesel,yes,2011,S 350,15,6.88
BMW,75000.00,crossover,16,3.00,Diesel,yes,2015,X6,11,1.33
BMW,48550.00,other,147,4.00,Diesel,yes,2012,X5,14,9.80
Mercedes-Benz,11000.00,crossover,148,3.20,Petrol,yes,2001,ML 320,25,5.69
BMW,7500.00,sedan,275,2.00,Gas,yes,1998,520,28,9.48
Toyota,2999.00,vagon,5,1.30,Petrol,yes,1989,Corolla,37,0.13
BMW,22500.00,other,100,3.00,Petrol,yes,2007,630,19,5.00
Volkswagen,12800.00,other,298,,Diesel,yes,2005,T5 (Transporter),21,13.55
Volkswagen,11900.00,van,273,2.50,Diesel,yes,2003,T4 (Transporter),23,11.38
Volkswagen,17900.00,crossover,167,3.00,Diesel,yes,2007,Touareg,19,8.35
Renault,6700.00,van,118,1.50,Diesel,yes,2012,Kangoo,14,7.87
BMW,22900.00,other,25,3.00,Petrol,yes,2008,325,18,1.32
Mercedes-Benz,6800.00,sedan,286,,Other,yes,2000,E-Class,26,10.59
Toyota,9300.00,sedan,170,1.80,Gas,yes,2006,Avensis,20,8.10
Volkswagen,20350.00,vagon,111,2.00,Diesel,yes,2012,Passat B7,14,7.40
Volkswagen,72000.00,crossover,0,3.00,Diesel,yes,2016,Touareg,10,0.00
BMW,16800.00,crossover,250,3.00,Diesel,yes,2004,X5,22,10.87
Toyota,8900.00,sedan,115,1.60,Petrol,yes,2008,Corolla,18,6.05
Mitsubishi,22800.00,crossover,43,2.40,Petrol,yes,2013,Outlander,13,3.07
Mercedes-Benz,8500.00,sedan,440,3.20,Diesel,yes,2000,E-Class,26,16.30
Volkswagen,8800.00,sedan,86,1.60,Petrol,yes,2012,Polo,14,5.73
Volkswagen,14100.00,vagon,115,2.00,Diesel,yes,2011,Caddy,15,7.19
Mitsubishi,9200.00,sedan,84,2.00,Petrol,yes,2009,Lancer X,17,4.67
Toyota,75500.00,crossover,50,4.60,Petrol,yes,2015,Land Cruiser 200,11,4.17
Volkswagen,2900.00,sedan,2,1.80,Petrol,yes,1989,Passat B3,37,0.05
Audi,6100.00,sedan,305,1.60,Other,yes,1996,A4,30,9.84
Renault,7245.00,sedan,87,1.40,Petrol,yes,2008,Megane,18,4.58
Renault,2500.00,sedan,170,1.90,Diesel,no,2003,Scenic,23,7.08
Renault,11200.00,vagon,165,1.50,Diesel,yes,2012,Megane,14,11.00
Renault,13500.00,van,198,1.50,Diesel,yes,2012,Grand Scenic,14,13.20
Audi,13700.00,sedan,300,2.00,Diesel,yes,2005,A6,21,13.64
Renault,6100.00,van,280,6.15,Diesel,yes,2008,Kangoo,18,14.74
Audi,4300.00,sedan,340,2.40,Gas,yes,1998,A6,28,11.72
Volkswagen,9999.00,van,310,2.50,Diesel,yes,2007,T5 (Transporter),19,15.50
Mercedes-Benz,6500.00,sedan,435,3.20,Petrol,yes,1994,S 140,32,13.18
Mercedes-Benz,11400.00,van,174,2.20,Diesel,yes,2012,Vito,14,11.60
Toyota,10500.00,sedan,180,3.50,Petrol,yes,2007,Camry,19,9.00
Renault,2999.00,van,245,1.50,Diesel,yes,2003,Kangoo,23,10.21
Mercedes-Benz,29500.00,crossover,180,3.20,Diesel,yes,2008,GL 320,18,9.47
Audi,27000.00,other,222,,Diesel,yes,2007,Q7,19,11.10
Mercedes-Benz,8000.00,sedan,300,2.00,Petrol,yes,2000,E-Class,26,11.11
Mitsubishi,10500.00,sedan,130,2.00,Petrol,yes,2008,Lancer X,18,6.84
Mercedes-Benz,11400.00,sedan,220,5.00,Petrol,yes,2004,S 500,22,9.57
Volkswagen,8300.00,hatch,147,1.60,Gas,yes,2006,Golf Plus,20,7.00
Audi,6900.00,sedan,250,2.40,Gas,yes,1999,A6,27,8.93
Mercedes-Benz,8500.00,other,210,4.30,Gas,yes,2000,ML 430,26,7.78
Volkswagen,17300.00,crossover,148,3.00,Diesel,yes,2007,Touareg,19,7.40
Volkswagen,3500.00,vagon,215,2.00,Petrol,yes,1993,Passat B3,33,6.32
Mercedes-Benz,126902.16,other,3,5.50,Petrol,yes,2016,S 63 AMG,10,0.27
Volkswagen,5000.00,hatch,220,1.40,Petrol,yes,2003,Polo,23,9.17
Mitsubishi,6900.00,sedan,118,1.60,Petrol,yes,2007,Lancer,19,5.90
Toyota,5500.00,crossover,188,2.00,Petrol,yes,1999,Rav 4,27,6.71
BMW,17900.00,other,98,3.00,Petrol,yes,2007,Z4,19,4.90
Volkswagen,11500.00,van,210,2.00,Diesel,yes,2012,Caddy,14,14.00
BMW,7200.00,sedan,440,3.00,Petrol,yes,1996,730,30,14.19
Volkswagen,12800.00,vagon,167,1.60,Diesel,yes,2011,Golf Variant,15,10.44
Volkswagen,7000.00,van,350,1.20,Other,yes,2004,T5 (Transporter) ,22,15.22
BMW,8400.00,sedan,220,2.20,Gas,yes,2001,5 Series,25,8.46
Audi,3000.00,van,11,1.90,Diesel,no,1999,A6,27,0.39
Renault,5200.00,sedan,160,1.40,Gas,yes,2008,Symbol,18,8.42
Mitsubishi,5700.00,vagon,120,1.30,Petrol,yes,2005,Colt,21,5.45
Mitsubishi,6500.00,crossover,285,2.50,Diesel,yes,1991,Pajero,35,7.92
Volkswagen,2300.00,vagon,200,1.90,Diesel,no,1999,Passat B5,27,7.14
Volkswagen,7700.00,van,228,1.90,Diesel,yes,2006,Caddy,20,10.86
Volkswagen,10999.00,van,110,1.60,Diesel,yes,2012,Caddy,14,7.33
BMW,8700.00,other,212,3.00,Diesel,no,2004,730,22,9.22
Mercedes-Benz,7200.00,sedan,312,3.20,Petrol,yes,2000,E-Class,26,11.56
BMW,39000.00,crossover,38,3.00,Petrol,yes,2009,X6,17,2.11
Mitsubishi,11999.00,crossover,235,3.00,Gas,yes,2007,Pajero Wagon,19,11.75
Mercedes-Benz,126902.16,crossover,1,2.99,Diesel,yes,2016,GLS 350,10,0.09
Volkswagen,18100.00,other,195,2.00,Diesel,yes,2011,T5 (Transporter),15,12.19
Mitsubishi,1600.00,vagon,185,1.30,Petrol,no,2000,Space Star,26,6.85
Mercedes-Benz,126902.16,crossover,0,3.00,Diesel,yes,2016,G 350,10,0.00
Renault,2650.00,vagon,1,1.20,Diesel,no,2006,Laguna,20,0.05
Volkswagen,23300.00,sedan,115,1.80,Petrol,yes,2012,Passat CC,14,7.67
BMW,25500.00,crossover,210,3.00,Gas,yes,2008,X5,18,11.05
Volkswagen,20900.00,sedan,122,2.00,Petrol,yes,2012,Passat B7,14,8.13
Renault,3700.00,hatch,310,2.00,Petrol,yes,1996,Laguna,30,10.00
Toyota,9500.00,sedan,125,1.60,Petrol,yes,2009,Corolla,17,6.94
Mercedes-Benz,61500.00,crossover,121,3.00,Diesel,yes,2013,GL 350,13,8.64
Volkswagen,8800.00,other,217,1.90,Diesel,yes,2005,Passat B5,21,9.86
BMW,34900.00,vagon,136,2.00,Diesel,yes,2012,520,14,9.07
Audi,3600.00,vagon,200,2.50,Diesel,yes,1999,A6,27,7.14
Mercedes-Benz,28000.00,other,12,1.80,Petrol,yes,2013,C-Class,13,0.86
Mercedes-Benz,126902.16,crossover,88,5.46,Petrol,yes,2013,G 63 AMG,13,6.29
BMW,25800.00,sedan,203,2.00,Diesel,yes,2010,520,16,11.94
Mitsubishi,25999.00,crossover,86,3.20,Diesel,yes,2011,Pajero Wagon,15,5.38
Volkswagen,29600.00,sedan,11,1.40,Petrol,yes,2016,Passat B8,10,1.00
BMW,3200.00,sedan,178,1.90,Petrol,no,2001,318,25,6.85
Mercedes-Benz,6900.00,van,200,2.30,Diesel,yes,1999,Vito,27,7.14
Mercedes-Benz,3550.00,sedan,274,3.20,Diesel,no,2002,E-Class,24,10.96
BMW,2900.00,vagon,230,2.00,Diesel,no,2001,320,25,8.85
Mercedes-Benz,11500.00,van,307,2.20,Diesel,yes,2007,Vito,19,15.35
Volkswagen,11800.00,van,218,1.90,Diesel,yes,2008,T5 (Transporter),18,11.47
Mercedes-Benz,69900.00,sedan,76,6.00,Petrol,yes,2010,S 65 AMG,16,4.47
Audi,23000.00,other,115,1.80,Petrol,yes,2008,S4,18,6.05
Renault,6500.00,van,186,1.50,Diesel,yes,2012,Kangoo,14,12.40
Volkswagen,6000.00,vagon,284,1.90,Other,yes,2001,Golf IV,25,10.92
Toyota,17200.00,sedan,50,1.60,Petrol,yes,2013,Corolla,13,3.57
Toyota,76500.00,crossover,29,4.50,Diesel,yes,2014,Land Cruiser 200,12,2.23
Volkswagen,6800.00,vagon,160,2.80,Petrol,yes,2001,Sharan,25,6.15
Mercedes-Benz,126902.16,other,6,5.50,Petrol,yes,2016,S 63 AMG,10,0.55
Volkswagen,3750.00,sedan,262,1.80,Petrol,yes,1994,Vento,32,7.94
Volkswagen,8000.00,other,300,2.50,Diesel,yes,2007,T5 (Transporter),19,15.00
Mercedes-Benz,58500.00,crossover,128,3.00,Diesel,yes,2013,ML 350,13,9.14
Renault,4999.00,sedan,114,1.40,Other,yes,2006,Clio,20,5.43
Volkswagen,15800.00,sedan,56,1.40,Other,yes,2013,Jetta,13,4.00
Volkswagen,9250.00,sedan,200,2.00,Diesel,yes,2007,Passat B6,19,10.00
Mitsubishi,11300.00,crossover,128,2.40,Gas,yes,2008,Outlander,18,6.74
Audi,1585.28,sedan,250,1.80,Petrol,no,1993,80,33,7.35
Toyota,80000.00,crossover,23,4.50,Diesel,yes,2014,Land Cruiser 200,12,1.77
BMW,11900.00,sedan,1,2.80,Petrol,yes,2002,528,24,0.04
Volkswagen,9500.00,hatch,29,1.40,Petrol,yes,2014,Polo,12,2.23
BMW,10999.00,other,162,2.20,Petrol,yes,2002,320,24,6.48
Audi,23500.00,crossover,119,4.20,Gas,yes,2007,Q7,19,5.95
BMW,24500.00,crossover,170,4.80,Gas,yes,2007,X5,19,8.50
Mitsubishi,6000.00,sedan,150,1.80,Gas,yes,2004,Virage,22,6.52
Mitsubishi,17500.00,crossover,194,3.20,Diesel,yes,2008,Pajero Wagon,18,10.21
Toyota,9300.00,sedan,107,1.80,Gas,yes,2007,Avensis,19,5.35
BMW,3500.00,vagon,280,3.00,Diesel,no,2001,330,25,10.77
BMW,41500.00,vagon,42,2.00,Petrol,yes,2012,X3,14,2.80
Volkswagen,10300.00,other,215,1.90,Other,yes,2007,T5 (Transporter),19,10.75
Audi,2200.00,vagon,280,2.50,Diesel,no,2002,A6 Allroad,24,11.20
Renault,19692.08,crossover,0,1.50,Diesel,yes,2016,Duster,10,0.00
Renault,7850.00,van,187,1.50,Diesel,yes,2010,Kangoo,16,11.00
Volkswagen,3950.00,hatch,280,,Gas,yes,1996,Golf III,30,9.03
Toyota,20000.00,crossover,94,4.50,Petrol,yes,2005,Land Cruiser 105,21,4.27
Audi,3800.00,sedan,253,2.50,Diesel,no,1998,A6,28,8.72
BMW,13700.00,sedan,254,3.00,Diesel,yes,2003,530,23,10.58
Toyota,31000.00,crossover,86,2.20,Diesel,yes,2014,Rav 4,12,6.62
Volkswagen,14400.00,van,237,2.00,Diesel,yes,2010,T5 (Transporter),16,13.94
BMW,4700.00,sedan,200,,Petrol,yes,1996,316,30,6.45
Toyota,17500.00,hatch,45,1.60,Petrol,yes,2014,Auris,12,3.46
Renault,10396.23,vagon,1,1.20,Petrol,yes,2015,Logan,11,0.08
BMW,27800.00,crossover,140,3.00,Diesel,yes,2009,X5,17,7.78
Volkswagen,5800.00,sedan,200,1.40,Petrol,yes,2000,Golf IV,26,7.41
Renault,5800.00,vagon,200,1.46,Diesel,yes,2008,Grand Scenic,18,10.53
Audi,21500.00,vagon,165,2.00,Diesel,yes,2010,A6,16,9.71
Volkswagen,3600.00,sedan,330,2.80,Gas,yes,1994,Passat B4,32,10.00
BMW,6500.00,sedan,388,3.50,Petrol,yes,1998,735,28,13.38
Volkswagen,10700.00,vagon,171,1.90,Diesel,yes,2010,Caddy,16,10.06
BMW,3100.00,sedan,280,2.00,Diesel,no,1999,320,27,10.00
Mercedes-Benz,38800.00,hatch,8,,Other,yes,2015,B-Class Electric Drive,11,0.67
Mercedes-Benz,1585.28,vagon,240,2.50,Diesel,no,1992,E-Class,34,6.86
Mercedes-Benz,4500.00,other,440,2.30,Diesel,yes,1995,Sprinter 208,31,13.75
Mercedes-Benz,99000.00,sedan,0,3.00,Petrol,yes,2016,CLS 400,10,0.00
Mercedes-Benz,5600.00,vagon,355,2.50,Diesel,yes,1996,250,30,11.45
Mercedes-Benz,8500.00,sedan,388,4.30,Gas,yes,2000,S 430,26,14.37
BMW,24000.00,crossover,108,2.00,Diesel,yes,2012,X1,14,7.20
Mitsubishi,9300.00,sedan,95,2.00,Petrol,yes,2008,Lancer X,18,5.00
Toyota,15700.00,sedan,125,3.50,Petrol,yes,2008,Camry,18,6.58
Volkswagen,9600.00,sedan,106,1.60,Petrol,yes,2011,Polo,15,6.62
Volkswagen,21000.00,other,93,2.00,Diesel,yes,2012,Passat B7,14,6.20
Mercedes-Benz,3500.00,sedan,303,2.20,Diesel,no,2000,C-Class,26,11.22
Toyota,45500.00,crossover,65,4.00,Gas,yes,2010,FJ Cruiser,16,3.82
Audi,20900.00,crossover,185,4.20,Petrol,yes,2006,Q7,20,8.81
Mercedes-Benz,6999.00,other,168,2.30,Petrol,yes,2001,CLK 230,25,6.46
Mitsubishi,7999.00,sedan,112,2.00,Petrol,yes,2008,Lancer X,18,5.89
BMW,6500.00,sedan,1,3.00,Petrol,yes,1995,730,31,0.03
BMW,29500.00,sedan,230,3.00,Diesel,yes,2011,530,15,14.38
Renault,10300.00,van,138,2.00,Diesel,yes,2011,Trafic,15,8.62
Volkswagen,6000.00,other,1,2.50,Diesel,yes,1999,LT,27,0.04
Volkswagen,3300.00,vagon,193,1.90,Diesel,no,2003,Passat B5,23,8.04
Volkswagen,2400.00,vagon,320,1.90,Diesel,no,2000,Passat B5,26,11.85
Audi,23900.00,sedan,180,3.00,Diesel,yes,2009,A6,17,10.00
Volkswagen,9300.00,sedan,148,2.00,Petrol,yes,2006,Passat B6,20,7.05
Mitsubishi,1699.00,hatch,294,1.60,Gas,yes,1992,Lancer,34,8.40
Volkswagen,34000.00,crossover,92,3.00,Diesel,yes,2012,Touareg,14,6.13
Toyota,14500.00,other,82,2.00,Gas,yes,2007,Rav 4,19,4.10
Volkswagen,10400.00,sedan,78,1.60,Petrol,yes,2012,Polo,14,5.20
BMW,6100.00,sedan,266,3.50,Petrol,no,1997,535,29,8.87
Volkswagen,7200.00,other,177,1.90,Diesel,yes,2010,Caddy,16,10.41
Mercedes-Benz,14000.00,other,144,2.20,Diesel,yes,2009,Vito,17,8.00
Mercedes-Benz,8900.00,other,213,5.00,Other,yes,1999,CL 500,27,7.61
BMW,22100.00,hatch,42,1.60,Petrol,yes,2013,116,13,3.00
Mercedes-Benz,33500.00,van,0,,Diesel,yes,2015,Sprinter 316,11,0.00
Toyota,33950.00,other,65,5.70,Petrol,yes,2013,Tundra,13,4.64
BMW,3499.00,sedan,101,2.50,Petrol,yes,1990,525,36,2.73
Audi,28500.00,crossover,74,2.00,Petrol,yes,2010,Q5,16,4.35
BMW,8800.00,crossover,284,3.00,Diesel,no,2004,X5,22,12.35
Volkswagen,17200.00,other,15,1.20,Petrol,yes,2014,Golf VII,12,1.15
Audi,3000.00,sedan,278,2.50,Diesel,no,1999,A6,27,9.93
Toyota,25800.00,sedan,58,2.50,Petrol,yes,2015,Camry,11,4.83
Mercedes-Benz,18500.00,sedan,143,5.50,Petrol,yes,2007,S 550,19,7.15
Volkswagen,28793.04,van,0,1.60,Diesel,yes,2016,Caddy,10,0.00
BMW,42900.00,sedan,2,2.00,Petrol,yes,2016,520,10,0.18
Toyota,11800.00,sedan,90,1.80,Petrol,yes,2008,Avensis,18,4.74
Renault,7100.00,van,171,1.50,Diesel,yes,2013,Kangoo,13,12.21
Volkswagen,22000.00,sedan,26,1.80,Petrol,yes,2011,Passat CC,15,1.62
Volkswagen,2700.00,hatch,400,1.80,Gas,yes,1989,Golf II,37,10.53
Toyota,7000.00,other,220,1.80,Petrol,yes,2001,Celica,25,8.46
BMW,6499.00,other,230,3.00,Diesel,no,2002,X5,24,9.20
Volkswagen,15700.00,sedan,110,1.80,Petrol,yes,2011,Passat B7,15,6.88
Mitsubishi,8100.00,sedan,113,2.00,Petrol,yes,2007,Lancer X,19,5.65
Mercedes-Benz,12200.00,other,287,3.20,Petrol,yes,2000,ML 320,26,10.63
Renault,5400.00,sedan,96,1.40,Petrol,yes,2007,Symbol,19,4.80
Mercedes-Benz,5400.00,sedan,285,2.20,Diesel,no,2002,220,24,11.40
Volkswagen,7700.00,vagon,287,1.90,Diesel,yes,2002,Sharan,24,11.48
BMW,34000.00,sedan,115,5.00,Petrol,yes,2008,750,18,6.05
Audi,3900.00,sedan,302,1.90,Diesel,no,2002,A6,24,12.08
Mercedes-Benz,15000.00,sedan,240,5.00,Petrol,yes,2004,S 500,22,10.43
Volkswagen,8999.00,sedan,120,2.00,Petrol,yes,2008,Passat B6,18,6.32
Volkswagen,2400.00,sedan,268,6.15,Petrol,yes,1989,Passat B3,37,7.05
Mitsubishi,6300.00,sedan,116,1.50,Petrol,yes,2008,Lancer X,18,6.11
Volkswagen,7999.00,van,210,1.60,Gas,yes,2004,Touran,22,9.13
Toyota,25200.00,crossover,128,4.00,Gas,yes,2007,Land Cruiser Prado,19,6.40
BMW,26999.00,sedan,131,2.00,Diesel,yes,2011,520,15,8.19
Mercedes-Benz,4000.00,sedan,440,2.00,Petrol,yes,1991,E-Class,35,12.22
Audi,16000.00,sedan,180,3.00,Diesel,yes,2006,A6,20,8.57
Mitsubishi,9200.00,sedan,115,2.00,Petrol,yes,2008,Lancer X,18,6.05
Volkswagen,7000.00,van,250,2.00,Diesel,yes,2004,Caddy,22,10.87
Toyota,85000.00,crossover,1,4.50,Diesel,yes,2016,Land Cruiser 200,10,0.09
Volkswagen,3200.00,sedan,320,1.80,Gas,yes,1990,Passat B3,36,8.65
Renault,11000.00,hatch,127,1.50,Diesel,yes,2012,Megane,14,8.47
Mercedes-Benz,13900.00,other,225,,Other,yes,2008,Vito,18,11.84
Mitsubishi,10500.00,crossover,187,2.40,Gas,yes,2008,Outlander,18,9.84
BMW,17500.00,sedan,102,2.00,Petrol,yes,2011,320,15,6.38
Renault,7200.00,vagon,224,1.50,Diesel,yes,2004,Megane,22,9.74
Toyota,8400.00,sedan,195,2.40,Gas,yes,2004,Camry,22,8.48
Volkswagen,8350.00,van,1,1.60,Diesel,yes,2011,Caddy,15,0.06
Audi,3200.00,vagon,244,2.00,Other,no,2006,A4,20,11.62
Toyota,11999.00,sedan,147,2.40,Petrol,yes,2010,Camry,16,8.65
Toyota,29900.00,crossover,144,4.00,Gas,yes,2008,Land Cruiser 200,18,7.58
BMW,11500.00,sedan,290,3.00,Diesel,yes,2001,730,25,11.15
Mitsubishi,13900.00,vagon,93,3.00,Gas,yes,2007,Outlander XL,19,4.65
Renault,5000.00,van,245,1.50,Diesel,yes,2003,Kangoo,23,10.21
Toyota,2350.00,hatch,211,1.30,Petrol,yes,1987,Corolla,39,5.28
Volkswagen,12900.00,van,127,1.60,Diesel,yes,2011,Caddy,15,7.94
Mercedes-Benz,8650.00,van,344,2.20,Diesel,yes,2006,Vito,20,16.38
Toyota,22900.00,crossover,132,2.70,Gas,yes,2012,Venza,14,8.80
Mercedes-Benz,13500.00,van,290,2.20,Diesel,yes,2007,Vito,19,14.50
Audi,39999.00,crossover,45,2.00,Diesel,yes,2014,Q5,12,3.46
Audi,2850.00,sedan,350,,Gas,yes,1988,80,38,8.97
Volkswagen,3300.00,sedan,250,1.90,Diesel,no,2000,Passat B5,26,9.26
Audi,32500.00,crossover,108,2.00,Diesel,yes,2012,Q5,14,7.20
Mitsubishi,13300.00,crossover,135,3.00,Petrol,yes,2009,Outlander XL,17,7.50
Volkswagen,2900.00,vagon,257,1.90,Diesel,no,2003,Passat B5,23,10.71
Volkswagen,2900.00,sedan,315,1.60,Gas,yes,1990,Passat B3,36,8.51
Mercedes-Benz,21000.00,crossover,208,3.50,Petrol,yes,2007,ML 350,19,10.40
Toyota,89000.00,crossover,61,4.50,Diesel,yes,2011,Land Cruiser 200,15,3.81
Volkswagen,23500.00,crossover,48,2.00,Diesel,yes,2012,Tiguan,14,3.20
Mitsubishi,4200.00,van,350,1.80,Gas,yes,1992,Space Wagon,34,10.00
Mercedes-Benz,70500.00,crossover,99,5.50,Petrol,yes,2009,G 55 AMG,17,5.50
Mercedes-Benz,124000.00,crossover,0,4.00,Petrol,yes,2016,GLS 400,10,0.00
Audi,39999.00,crossover,45,2.00,Diesel,yes,2014,Q3,12,3.46
Mercedes-Benz,1999.00,sedan,400,2.20,Diesel,no,2000,200,26,14.81
Mercedes-Benz,14300.00,other,175,2.20,Diesel,yes,2013,Sprinter 313,13,12.50
Toyota,13500.00,sedan,139,2.40,Gas,yes,2008,Camry,18,7.32
Toyota,13300.00,sedan,104,2.40,Petrol,yes,2007,Camry,19,5.20
Toyota,8200.00,hatch,82,1.30,Petrol,yes,2006,Yaris,20,3.90
Renault,12000.00,van,137,1.50,Diesel,yes,2012,Grand Scenic,14,9.13
Renault,2150.00,vagon,199,1.90,Diesel,no,2003,Laguna,23,8.29
Toyota,29000.00,vagon,60,2.20,Diesel,yes,2013,Rav 4,13,4.29
Mercedes-Benz,9500.00,van,280,2.20,Diesel,yes,2005,Vito,21,12.73
Volkswagen,10600.00,van,120,2.00,Diesel,yes,2007,Touran,19,6.00
Mercedes-Benz,12500.00,van,238,2.20,Diesel,yes,2008,Vito,18,12.53
Mitsubishi,10200.00,crossover,269,3.20,Diesel,yes,2002,Pajero Wagon,24,10.76
Mercedes-Benz,50250.00,sedan,0,2.20,Diesel,yes,2015,E-Class,11,0.00
Volkswagen,8900.00,van,100,1.40,Gas,yes,2009,Caddy,17,5.56
Mercedes-Benz,5500.00,other,220,2.20,Diesel,yes,2002,Vito,24,8.80
BMW,45500.00,sedan,42,2.00,Diesel,yes,2014,520,12,3.23
Renault,10499.00,other,146,2.00,Diesel,yes,2012,Trafic,14,9.73
Mercedes-Benz,99999.00,crossover,0,2.99,Diesel,yes,2016,GLE-Class,10,0.00
Renault,9100.00,van,166,2.00,Diesel,yes,2012,Trafic,14,11.07
Mercedes-Benz,24500.00,sedan,180,3.20,Diesel,yes,2008,S 320,18,9.47
BMW,63500.00,crossover,1,2.00,Diesel,yes,2016,X5,10,0.09
BMW,3600.00,sedan,221,3.00,Diesel,no,2002,530,24,8.84
Renault,12900.00,crossover,89,2.50,Petrol,yes,2010,Koleos,16,5.24
Renault,6400.00,sedan,51,1.60,Petrol,yes,2011,Logan,15,3.19
BMW,8800.00,sedan,287,3.00,Petrol,yes,2001,530,25,11.04
Renault,7199.00,sedan,104,1.50,Diesel,yes,2010,Symbol,16,6.12
Renault,3300.00,van,250,1.50,Diesel,yes,2005,Kangoo,21,11.36
Audi,2400.00,sedan,305,2.30,Gas,yes,1989,100,37,8.03
Volkswagen,8400.00,hatch,60,1.39,Petrol,yes,2007,Polo,19,3.00
Mitsubishi,7600.00,sedan,180,2.00,Gas,yes,2008,Lancer X,18,9.47
Renault,3800.00,van,196,1.90,Diesel,yes,1998,Kangoo,28,6.76
Mercedes-Benz,13100.00,sedan,160,3.70,Petrol,yes,2003,S 350,23,6.67
Toyota,21950.00,crossover,141,2.70,Gas,yes,2010,Venza,16,8.29
Renault,8800.00,van,205,1.90,Diesel,yes,2006,Trafic,20,9.76
Toyota,10500.00,hatch,17,1.20,Petrol,yes,2016,Yaris,10,1.55
Mitsubishi,24000.00,crossover,20,2.50,Diesel,yes,2013,Pajero Sport,13,1.43
Toyota,11800.00,sedan,189,2.40,Gas,yes,2007,Camry,19,9.45
Mercedes-Benz,20300.00,sedan,198,1.80,Gas,yes,2011,E-Class,15,12.38
Toyota,11600.00,hatch,24,1.60,Petrol,yes,2009,Auris,17,1.33
Mercedes-Benz,22000.00,crossover,225,3.50,Gas,yes,2007,ML 350,19,11.25
Mercedes-Benz,15800.00,sedan,231,3.50,Gas,yes,2005,E-Class,21,10.50
Mercedes-Benz,13500.00,van,97,2.20,Diesel,yes,2013,Vito,13,6.93
Mitsubishi,16500.00,crossover,150,3.50,Gas,yes,2008,Outlander XL,18,7.89
Mercedes-Benz,25000.00,van,156,,Other,yes,2012,Viano,14,10.40
Volkswagen,40000.00,other,170,2.00,Diesel,yes,2011,Multivan,15,10.62
Mitsubishi,9500.00,crossover,150,2.00,Gas,yes,2007,Outlander,19,7.50
Renault,6300.00,van,149,1.50,Other,yes,2011,Kangoo,15,9.31
BMW,4999.00,sedan,256,2.50,Diesel,no,2001,525,25,9.85
Toyota,14990.00,crossover,280,4.20,Diesel,yes,2000,Land Cruiser 100,26,10.37
Audi,16400.00,vagon,152,2.00,Diesel,yes,2011,A4,15,9.50
Mercedes-Benz,21300.00,crossover,190,6.15,Petrol,yes,2007,ML 63 AMG,19,9.50
Audi,24996.00,sedan,98,3.20,Petrol,yes,2009,A5,17,5.44
Volkswagen,22900.00,sedan,45,2.00,Petrol,yes,2013,Jetta,13,3.21
Toyota,8300.00,hatch,136,1.60,Petrol,yes,2007,Corolla,19,6.80
Audi,12900.00,vagon,255,2.50,Diesel,yes,2005,A6 Allroad,21,11.59
Volkswagen,12199.00,vagon,149,2.00,Diesel,yes,2008,Passat B6,18,7.84
Audi,9999.00,vagon,198,2.70,Petrol,yes,2003,A6 Allroad,23,8.25
Mercedes-Benz,35500.00,crossover,99,5.00,Gas,yes,2005,G 63 AMG,21,4.50
Mitsubishi,11500.00,crossover,170,3.00,Gas,yes,2005,Pajero Sport,21,7.73
Mercedes-Benz,38500.00,sedan,134,3.00,Diesel,yes,2010,S 350,16,7.88
Mercedes-Benz,5500.00,other,250,2.20,Diesel,yes,2002,Vito,24,10.00
Volkswagen,9400.00,van,124,2.00,Gas,yes,2008,Caddy,18,6.53
Volkswagen,8400.00,van,143,1.60,Diesel,yes,2011,Caddy,15,8.94
Audi,2650.00,vagon,268,2.50,Diesel,no,2000,A6,26,9.93
Toyota,12000.00,sedan,133,2.40,Gas,yes,2008,Camry,18,7.00
Mercedes-Benz,7500.00,sedan,187,2.00,Gas,yes,2001,C-Class,25,7.19
Volkswagen,25900.00,hatch,35,2.00,Diesel,yes,2015,Golf VII,11,2.92
Volkswagen,7500.00,sedan,280,1.80,Other,yes,2005,Passat B5,21,12.73
Mercedes-Benz,35000.00,other,147,6.00,Petrol,yes,2001,S 600,25,5.65
Audi,6200.00,vagon,316,2.60,Gas,yes,1997,A6,29,10.53
Volkswagen,1585.28,sedan,161,1.80,Petrol,no,1994,Vento,32,4.88
Mercedes-Benz,6500.00,van,440,2.30,Diesel,yes,1996,Vito,30,14.19
Volkswagen,8999.00,vagon,161,2.00,Diesel,yes,2008,Passat B6,18,8.47
Mitsubishi,21000.00,crossover,29,2.00,Gas,yes,2014,ASX,12,2.23
Mercedes-Benz,8800.00,other,440,2.20,Diesel,yes,2006,Sprinter 313,20,20.95
Volkswagen,13500.00,hatch,48,1.40,Petrol,yes,2012,Polo,14,3.20
Toyota,3300.00,van,345,2.40,Diesel,yes,1992,Hiace,34,9.86
Mercedes-Benz,5990.00,sedan,400,2.00,Gas,yes,1998,E-Class,28,13.79
Mercedes-Benz,14800.00,crossover,242,2.70,Diesel,yes,2005,ML 270,21,11.00
Mercedes-Benz,47000.00,sedan,0,1.60,Petrol,yes,2016,C-Class,10,0.00
Volkswagen,7990.00,sedan,180,1.80,Gas,yes,2005,Passat B5,21,8.18
Volkswagen,8999.00,sedan,120,1.90,Diesel,yes,2007,Passat B6,19,6.00
Volkswagen,23999.00,sedan,0,1.60,Diesel,yes,2016,Jetta,10,0.00
Audi,6500.00,vagon,421,2.50,Diesel,yes,1996,A6,30,13.58
Toyota,14000.00,sedan,1,1.80,Petrol,yes,2008,Avensis,18,0.05
Audi,23500.00,crossover,116,4.20,Petrol,yes,2008,Q7,18,6.11
Renault,9500.00,sedan,89,1.60,Petrol,yes,2012,Fluence,14,5.93
Mercedes-Benz,125000.00,sedan,18,3.00,Diesel,yes,2015,S 350,11,1.50
Volkswagen,9000.00,van,181,1.60,Diesel,yes,2011,Caddy,15,11.31
Mitsubishi,2300.00,sedan,440,1.80,Diesel,yes,1989,Lancer,37,11.58
Volkswagen,10650.00,sedan,65,1.60,Petrol,yes,2013,Polo,13,4.64
Audi,6399.00,vagon,230,2.50,Diesel,yes,1999,A6,27,8.21
Mitsubishi,7500.00,sedan,140,1.50,Petrol,yes,2007,Lancer X,19,7.00
Volkswagen,6450.00,van,220,,Other,yes,2004,Caddy,22,9.57
Volkswagen,10200.00,van,105,1.60,Diesel,yes,2014,Caddy,12,8.08
Mercedes-Benz,3300.00,sedan,200,2.70,Diesel,no,2000,E-Class,26,7.41
Mercedes-Benz,8300.00,sedan,175,2.00,Petrol,yes,2001,E-Class,25,6.73
Volkswagen,7400.00,van,168,1.90,Diesel,yes,2005,Caddy,21,7.64
Toyota,28600.00,crossover,66,2.20,Diesel,yes,2013,Rav 4,13,4.71
Audi,2800.00,sedan,230,2.80,Petrol,yes,1997,A8,29,7.67
BMW,38000.00,crossover,223,3.00,Diesel,yes,2011,535,15,13.94
Toyota,11000.00,hatch,74,1.40,Other,yes,2010,Prius,16,4.35
Audi,11800.00,sedan,240,4.20,Gas,yes,2001,S8,25,9.23
Renault,9500.00,van,275,2.00,Diesel,yes,2008,Trafic,18,14.47
BMW,23700.00,crossover,117,2.00,Diesel,yes,2010,X1,16,6.88
Mercedes-Benz,35000.00,other,135,5.50,Petrol,yes,2008,CL 550,18,7.11
Volkswagen,11000.00,vagon,171,1.90,Diesel,yes,2009,Golf Variant,17,9.50
BMW,25800.00,crossover,205,3.00,Diesel,yes,2008,X5,18,10.79
Renault,13200.00,van,230,2.00,Diesel,yes,2009,Trafic,17,12.78
Toyota,4650.00,hatch,170,1.20,Petrol,yes,2002,Yaris,24,6.80
Mercedes-Benz,8300.00,van,337,2.20,Diesel,yes,2002,Vito,24,13.48
Mitsubishi,18900.00,crossover,106,3.80,Gas,yes,2007,Pajero Wagon,19,5.30
Mitsubishi,12750.00,sedan,59,2.40,Petrol,yes,2009,Galant,17,3.28
Mercedes-Benz,3800.00,other,107,1.20,Petrol,yes,2000,Smart,26,3.96
Volkswagen,11500.00,other,189,2.00,Diesel,yes,2011,Caddy,15,11.81
Mercedes-Benz,4600.00,van,200,2.20,Diesel,yes,2000,Vito,26,7.41
BMW,1585.28,sedan,300,,Gas,no,1994,316,32,9.09
Renault,7899.00,van,129,1.50,Other,yes,2014,Kangoo,12,9.92
Mercedes-Benz,70999.00,crossover,0,2.20,Diesel,yes,2016,GLE-Class,10,0.00
Toyota,8800.00,sedan,300,2.40,Petrol,yes,2004,Camry,22,13.04
Renault,8250.00,sedan,16,1.20,Petrol,yes,2014,Logan,12,1.23
Toyota,21500.00,crossover,89,2.00,Petrol,yes,2012,Rav 4,14,5.93
Toyota,126902.16,crossover,0,4.50,Diesel,yes,2016,Land Cruiser 200,10,0.00
Renault,2400.00,hatch,1,2.00,Petrol,no,2002,Laguna,24,0.04
Volkswagen,12500.00,other,160,2.50,Other,yes,2006,T5 (Transporter),20,7.62
Mercedes-Benz,2499.00,hatch,201,1.70,Diesel,no,2001,A 170,25,7.73
BMW,14990.00,sedan,135,2.50,Petrol,yes,2005,525,21,6.14
Mitsubishi,8260.00,sedan,65,1.50,Petrol,yes,2011,Lancer,15,4.06
BMW,6800.00,sedan,230,2.00,Petrol,yes,1998,520,28,7.93
Mitsubishi,1999.00,van,168,1.80,Petrol,no,2001,Space Star,25,6.46
BMW,8500.00,other,265,2.80,Gas,yes,1998,328,28,9.14
Toyota,24800.00,crossover,90,4.00,Petrol,yes,2008,FJ Cruiser,18,4.74
Mitsubishi,11800.00,crossover,120,3.00,Petrol,yes,2008,Outlander XL,18,6.32
Mercedes-Benz,35500.00,sedan,100,3.50,Petrol,yes,2010,S 350,16,5.88
Mercedes-Benz,9400.00,van,250,2.20,Diesel,yes,2005,Vito,21,11.36
Volkswagen,14900.00,sedan,73,,Petrol,yes,2012,Jetta,14,4.87
Mercedes-Benz,14899.00,other,209,3.00,Diesel,yes,2006,E-Class,20,9.95
Volkswagen,15500.00,sedan,178,2.00,Diesel,no,2013,Passat B7,13,12.71
Renault,2200.00,van,290,2.20,Diesel,no,1999,Espace,27,10.36
Volkswagen,8950.00,sedan,133,1.60,Petrol,yes,2012,Polo,14,8.87
BMW,17800.00,vagon,159,3.00,Diesel,yes,2008,530,18,8.37
Audi,85555.00,sedan,40,3.00,Diesel,yes,2015,A8,11,3.33
Volkswagen,2000.00,sedan,300,1.30,Petrol,yes,1988,Jetta,38,7.69
Mercedes-Benz,20500.00,sedan,56,5.00,Other,yes,2003,SL 500 (550),23,2.33
Toyota,30990.00,crossover,68,2.70,Gas,yes,2012,Land Cruiser Prado,14,4.53
Toyota,39900.00,crossover,11,4.00,Petrol,yes,2013,Tacoma,13,0.79
BMW,21900.00,other,25,2.50,Petrol,yes,2007,325,19,1.25
Mercedes-Benz,126902.16,other,0,4.70,Petrol,yes,2016,S 500,10,0.00
Toyota,12400.00,hatch,52,1.40,Other,yes,2012,Prius,14,3.47
Mercedes-Benz,5000.00,other,200,2.00,Petrol,yes,1998,CLK 200,28,6.90
Volkswagen,3200.00,sedan,367,2.00,Petrol,yes,1991,Passat B3,35,10.19
BMW,6500.00,sedan,300,2.80,Gas,yes,1997,528,29,10.00
Mercedes-Benz,13600.00,hatch,147,2.00,Diesel,yes,2008,B 200,18,7.74
BMW,19990.00,other,164,,Gas,yes,2004,645,22,7.13
Audi,23500.00,crossover,245,3.00,Diesel,yes,2007,Q7,19,12.25
Audi,15499.00,sedan,177,2.00,Diesel,yes,2007,A6,19,8.85
Mercedes-Benz,12950.00,sedan,197,2.70,Diesel,yes,2002,E-Class,24,7.88
Volkswagen,1800.00,sedan,250,,Petrol,yes,1991,Jetta,35,6.94
Toyota,23500.00,sedan,80,2.50,Gas,yes,2014,Camry,12,6.15
Renault,5950.00,hatch,200,1.50,Diesel,yes,2005,Megane,21,9.09
Mitsubishi,2900.00,hatch,300,1.80,Petrol,yes,1989,Galant,37,7.89
Mercedes-Benz,5000.00,van,400,2.20,Diesel,yes,1999,Vito,27,14.29
Mercedes-Benz,1585.28,sedan,240,2.40,Petrol,no,1999,E-Class,27,8.57
Volkswagen,6500.00,sedan,190,1.90,Diesel,yes,2006,Caddy,20,9.05
Volkswagen,51900.00,crossover,30,3.00,Diesel,yes,2015,Touareg,11,2.50
BMW,104999.00,crossover,2,3.00,Diesel,yes,2016,X5,10,0.18
Renault,4650.00,van,165,1.50,Diesel,yes,2003,Kangoo,23,6.88
Mitsubishi,16000.00,crossover,59,,Petrol,yes,2012,ASX,14,3.93
Audi,12500.00,sedan,165,2.40,Petrol,yes,2006,A6,20,7.86
Volkswagen,10250.00,sedan,144,2.00,Diesel,yes,2008,Passat B6,18,7.58
Audi,23500.00,other,83,2.00,Petrol,yes,2009,A5,17,4.61
Volkswagen,17777.00,van,250,2.00,Diesel,yes,2010,T6 (Transporter),16,14.71
Mercedes-Benz,8300.00,sedan,233,3.20,Diesel,yes,2001,320,25,8.96
Mercedes-Benz,39900.00,sedan,84,5.50,Petrol,yes,2011,S 500,15,5.25
Mercedes-Benz,5200.00,van,400,2.90,Diesel,yes,1999,Sprinter 210,27,14.29
Audi,31500.00,sedan,140,2.00,Diesel,yes,2012,A6,14,9.33
BMW,4800.00,sedan,11,2.50,Diesel,yes,1994,325,32,0.33
Volkswagen,7700.00,other,290,,Diesel,yes,2000,T4 (Transporter),26,10.74
Volkswagen,21550.00,crossover,58,1.40,Petrol,yes,2014,Tiguan,12,4.46
Audi,42900.00,crossover,140,3.00,Diesel,yes,2013,Q7,13,10.00
Audi,2600.00,sedan,160,2.50,Diesel,no,2002,A6,24,6.40
Volkswagen,31310.00,van,0,2.00,Diesel,yes,2014,Touran,12,0.00
Volkswagen,11800.00,van,230,1.90,Diesel,yes,2009,T5 (Transporter),17,12.78
Mercedes-Benz,107000.00,van,0,2.20,Diesel,yes,2016,V 250,10,0.00
Toyota,14800.00,crossover,150,,Gas,yes,2006,Land Cruiser Prado,20,7.14
BMW,9800.00,sedan,264,3.00,Diesel,yes,2001,530,25,10.15
Volkswagen,7950.00,van,144,2.00,Gas,yes,2012,Caddy,14,9.60
Mercedes-Benz,9000.00,crossover,220,3.20,Gas,yes,1999,ML 320,27,7.86
BMW,7400.00,sedan,279,3.50,Gas,yes,1998,735,28,9.62
Toyota,24000.00,sedan,60,2.50,Gas,yes,2014,Camry,12,4.62
Mercedes-Benz,4800.00,sedan,199,3.20,Diesel,yes,1999,E-Class,27,7.11
Toyota,22000.00,crossover,155,2.70,Gas,yes,2008,Land Cruiser Prado,18,8.16
BMW,42500.00,crossover,29,3.00,Petrol,yes,2011,X3,15,1.81
Toyota,17200.00,crossover,149,4.70,Petrol,yes,2008,Land Cruiser 200,18,7.84
Renault,8100.00,crossover,90,1.90,Diesel,yes,2005,Kangoo,21,4.09
Volkswagen,37900.00,crossover,73,3.00,Diesel,yes,2012,Touareg,14,4.87
Volkswagen,30000.00,sedan,67,2.00,Diesel,yes,2013,Passat B7,13,4.79
Volkswagen,7700.00,van,247,1.90,Diesel,yes,2002,T4 (Transporter),24,9.88
BMW,32500.00,sedan,148,3.00,Petrol,yes,2011,535,15,9.25
BMW,18700.00,crossover,260,3.00,Diesel,yes,2006,X5,20,12.38
Renault,8100.00,van,219,2.50,Diesel,yes,2010,Master,16,12.88
Toyota,5050.00,hatch,138,1.20,Petrol,yes,2001,Yaris,25,5.31
Mercedes-Benz,11800.00,van,165,2.20,Diesel,yes,2012,Vito,14,11.00
Mercedes-Benz,68700.00,crossover,440,3.00,Diesel,yes,2013,GL 350,13,31.43
Audi,2000.00,sedan,360,1.60,Other,no,1996,A4,30,11.61
Mercedes-Benz,19200.00,sedan,173,5.00,Petrol,yes,2007,S 500,19,8.65
BMW,16400.00,sedan,187,4.80,Gas,yes,2007,750,19,9.35
BMW,6300.00,sedan,330,2.50,Petrol,yes,1999,525,27,11.79
Mitsubishi,15000.00,crossover,295,2.80,Diesel,yes,2004,Pajero Wagon,22,12.83
Toyota,23000.00,other,211,4.00,Gas,yes,2007,Land Cruiser Prado,19,10.55
Mercedes-Benz,23700.00,sedan,86,1.80,Gas,yes,2013,E-Class,13,6.14
BMW,11900.00,sedan,160,2.50,Petrol,yes,2005,525,21,7.27
Audi,7900.00,sedan,274,1.80,Gas,yes,2003,A6,23,11.42
Mercedes-Benz,4400.00,sedan,308,3.20,Gas,no,2000,S 320,26,11.41
Volkswagen,9900.00,other,181,1.60,Diesel,yes,2012,Caddy,14,12.07
Volkswagen,6900.00,hatch,113,1.40,Petrol,yes,2003,Polo,23,4.71
Mercedes-Benz,71999.00,crossover,0,2.20,Diesel,yes,2016,GLE-Class,10,0.00
BMW,11800.00,crossover,210,3.00,Diesel,no,2006,X5,20,10.00
Renault,10999.00,van,207,2.00,Diesel,yes,2012,Trafic,14,13.80
Mitsubishi,18900.00,crossover,93,3.80,Gas,yes,2008,Pajero Wagon,18,4.89
Toyota,28900.00,crossover,120,3.50,Petrol,yes,2011,Highlander,15,7.50
Toyota,15500.00,crossover,130,2.00,Petrol,yes,2008,Rav 4,18,6.84
BMW,63000.00,crossover,0,2.00,Diesel,yes,2015,X5,11,0.00
Toyota,11700.00,sedan,145,2.40,Petrol,yes,2007,Camry,19,7.25
BMW,4999.00,sedan,327,3.00,Diesel,no,2001,730,25,12.58
Toyota,13300.00,crossover,140,2.40,Petrol,yes,2007,Rav 4,19,7.00
Mercedes-Benz,8200.00,sedan,260,3.00,Diesel,yes,1997,S 300,29,8.67
Renault,8900.00,van,150,2.00,Diesel,yes,2009,Trafic,17,8.33
BMW,60500.00,sedan,110,3.00,Diesel,yes,2011,740,15,6.88
BMW,8900.00,sedan,294,2.20,Gas,yes,2000,520,26,10.89
BMW,69500.00,sedan,62,4.40,Petrol,yes,2013,750,13,4.43
Volkswagen,9000.00,hatch,95,1.60,Gas,yes,2005,Golf V,21,4.32
BMW,17800.00,crossover,265,3.00,Diesel,yes,2005,X5,21,12.05
Mercedes-Benz,2100.00,other,350,2.40,Diesel,yes,1988,MB,38,8.97
Toyota,10700.00,sedan,57,1.30,Petrol,yes,2010,Corolla,16,3.35
Volkswagen,17777.00,van,250,2.00,Diesel,yes,2010,Caravelle,16,14.71
Audi,73500.00,sedan,53,6.15,Petrol,yes,2013,A8,13,3.79
Mitsubishi,9800.00,crossover,92,2.00,Petrol,yes,2008,Outlander,18,4.84
Volkswagen,35900.00,van,132,2.00,Diesel,yes,2011,Multivan,15,8.25
Toyota,7500.00,hatch,135,1.20,Petrol,yes,2008,Yaris,18,7.11
Renault,2500.00,sedan,105,1.40,Petrol,yes,1990,19,36,2.84
Audi,39999.00,crossover,100,3.00,Diesel,yes,2011,Q7,15,6.25
Volkswagen,22000.00,crossover,123,3.00,Diesel,yes,2009,Touareg,17,6.83
Toyota,9800.00,sedan,65,1.60,Petrol,yes,2009,Auris,17,3.61
BMW,29999.00,other,73,2.00,Petrol,yes,2012,320,14,4.87
Mercedes-Benz,7500.00,sedan,350,2.20,Diesel,yes,2003,Sprinter 208,23,14.58
Toyota,12500.00,sedan,138,3.50,Petrol,yes,2007,Camry,19,6.90
BMW,39500.00,crossover,115,4.40,Petrol,yes,2010,X5,16,6.76
Volkswagen,10600.00,van,240,2.50,Diesel,yes,2009,T5 (Transporter),17,13.33
Mitsubishi,18200.00,crossover,147,3.20,Diesel,yes,2008,Pajero Wagon,18,7.74
Mercedes-Benz,126902.16,other,0,4.70,Petrol,yes,2016,S 500,10,0.00
Audi,4800.00,other,207,2.00,Petrol,yes,2002,A4,24,8.28
BMW,3999.00,sedan,238,1.80,Petrol,yes,1996,318,30,7.68
Toyota,35500.00,crossover,165,4.00,Gas,yes,2011,Land Cruiser Prado,15,10.31
Toyota,13500.00,sedan,158,2.40,Gas,yes,2008,Camry,18,8.32
Mercedes-Benz,17500.00,sedan,130,3.00,Petrol,yes,2007,C-Class,19,6.50
Mercedes-Benz,59999.00,sedan,11,4.70,Petrol,yes,2012,CLS 500,14,0.73
Mercedes-Benz,7999.00,van,255,2.20,Diesel,yes,2004,Vito,22,11.09
Toyota,16000.00,sedan,89,1.80,Other,yes,2011,Avensis,15,5.56
BMW,5850.00,sedan,250,4.50,Gas,yes,2001,745,25,9.62
Renault,7999.00,van,154,1.50,Diesel,yes,2008,Scenic,18,8.11
Renault,8900.00,van,181,1.90,Diesel,yes,2006,Trafic,20,8.62
BMW,43719.00,crossover,0,2.00,Petrol,yes,2016,X3,10,0.00
Volkswagen,8800.00,van,193,2.50,Diesel,yes,2005,T5 (Transporter),21,8.77
Volkswagen,9990.00,van,194,1.60,Diesel,yes,2011,Caddy,15,12.12
Volkswagen,17999.00,sedan,80,1.80,Petrol,yes,2012,Passat B7,14,5.33
Mercedes-Benz,37500.00,other,94,5.50,Petrol,yes,2009,CL 55 AMG,17,5.22
Audi,20500.00,sedan,155,3.00,Petrol,yes,2010,A6,16,9.12
Audi,4999.00,crossover,242,2.50,Diesel,no,2003,A6 Allroad,23,10.08
Mercedes-Benz,4100.00,crossover,1,3.50,Petrol,yes,2007,ML 350,19,0.05
Mercedes-Benz,17499.00,sedan,145,1.80,Petrol,yes,2008,C-Class,18,7.63
Audi,8200.00,other,326,2.50,Diesel,yes,2002,A6,24,13.04
Volkswagen,7000.00,sedan,185,2.80,Gas,yes,2004,Passat B5,22,8.04
Volkswagen,9200.00,vagon,107,1.60,Petrol,yes,2010,Golf Variant,16,6.29
Volkswagen,4000.00,hatch,105,2.00,Other,yes,2013,Golf VII,13,7.50
Renault,17500.00,crossover,20,1.50,Diesel,yes,2016,Duster,10,1.82
BMW,1950.00,sedan,162,1.60,Petrol,no,1995,316,31,5.06
Audi,11000.00,other,120,1.80,Petrol,yes,2000,TT,26,4.44
Audi,7750.00,sedan,259,3.00,Diesel,no,2005,A6,21,11.77
Volkswagen,24300.00,sedan,1,1.60,Diesel,yes,2016,Jetta,10,0.09
Renault,4100.00,van,190,1.90,Diesel,yes,2002,Kangoo,24,7.60
Mercedes-Benz,69900.00,crossover,69,3.00,Diesel,yes,2014,GL 350,12,5.31
Volkswagen,29999.00,other,129,2.00,Diesel,yes,2014,Caravelle,12,9.92
Renault,11999.00,vagon,188,1.50,Other,yes,2012,Megane,14,12.53
Volkswagen,13900.00,vagon,122,1.40,Gas,yes,2013,Touran,13,8.71
BMW,8900.00,vagon,274,2.00,Diesel,no,2007,320,19,13.70
Audi,26000.00,sedan,105,2.00,Petrol,yes,2012,A6,14,7.00
BMW,2700.00,other,287,2.50,Diesel,no,1998,525,28,9.90
Mitsubishi,9700.00,crossover,45,,Other,yes,2001,Pajero Sport,25,1.73
Toyota,12500.00,sedan,140,3.50,Gas,yes,2007,Camry,19,7.00
BMW,4500.00,sedan,28,1.90,Petrol,yes,1995,318,31,0.88
Toyota,88000.00,crossover,3,4.50,Diesel,yes,2016,Land Cruiser 200,10,0.27
Mitsubishi,8700.00,sedan,143,2.00,Gas,yes,2007,Lancer X,19,7.15
Volkswagen,17200.00,van,230,3.20,Gas,yes,2008,Multivan,18,12.11
Toyota,30600.00,crossover,39,2.20,Diesel,yes,2014,Rav 4,12,3.00
Mercedes-Benz,15300.00,sedan,240,2.20,Diesel,yes,2006,E-Class,20,11.43
Toyota,73900.00,crossover,1,4.50,Diesel,yes,2016,Land Cruiser 200,10,0.09
Volkswagen,12500.00,sedan,84,2.00,Petrol,yes,2007,Passat B6,19,4.20
Mercedes-Benz,30500.00,crossover,150,5.50,Petrol,yes,2002,G 500,24,6.00
BMW,64900.00,crossover,73,3.00,Diesel,yes,2013,X6 M,13,5.21
Toyota,11200.00,sedan,179,2.40,Petrol,yes,2006,Camry,20,8.52
BMW,9900.00,other,93,2.50,Petrol,yes,2003,Z4,23,3.88
Mercedes-Benz,55000.00,sedan,34,2.20,Diesel,yes,2011,S 250,15,2.12
Volkswagen,3000.00,vagon,250,1.90,Diesel,yes,1992,Passat B3,34,7.14
BMW,33000.00,sedan,147,3.00,Diesel,yes,2009,730,17,8.17
Renault,13000.00,hatch,75,2.00,Petrol,yes,2013,Megane,13,5.36
Mercedes-Benz,33900.00,other,102,5.00,Petrol,yes,2008,CL 55 AMG,18,5.37
BMW,17500.00,crossover,210,3.00,Diesel,yes,2005,X5,21,9.55
Audi,33000.00,crossover,60,2.00,Petrol,yes,2011,Q5,15,3.75
Volkswagen,11999.00,sedan,240,1.60,Petrol,yes,2010,Jetta,16,14.12
Toyota,14700.00,sedan,141,3.50,Petrol,yes,2008,Camry,18,7.42
Audi,2600.00,vagon,253,1.80,Gas,no,1997,A4,29,8.43
BMW,10900.00,sedan,375,4.40,Gas,yes,2001,740,25,14.42
Toyota,99999.00,crossover,0,4.50,Diesel,yes,2016,Land Cruiser 200,10,0.00
Toyota,3900.00,hatch,160,1.20,Petrol,yes,1999,Yaris,27,5.71
Renault,5700.00,van,275,1.90,Diesel,yes,2002,Trafic,24,11.00
Audi,90999.00,sedan,4,3.00,Diesel,yes,2015,A8,11,0.33
Mercedes-Benz,25500.00,sedan,137,2.20,Diesel,yes,2012,E-Class,14,9.13
BMW,3300.00,sedan,360,2.50,Petrol,yes,1992,525,34,10.29
Toyota,28700.00,crossover,80,3.50,Gas,yes,2012,Highlander,14,5.33
Volkswagen,9300.00,van,200,1.60,Diesel,yes,2011,Caddy,15,12.50
Toyota,9400.00,sedan,148,1.80,Gas,yes,2008,Avensis,18,7.79
Audi,23000.00,crossover,180,3.60,Gas,yes,2007,Q7,19,9.00
BMW,4500.00,sedan,370,4.00,Petrol,yes,1993,540,33,10.88
Mitsubishi,23900.00,crossover,1,1.80,Petrol,yes,2015,ASX,11,0.08
Mercedes-Benz,107999.00,crossover,0,3.00,Diesel,yes,2016,GLS 350,10,0.00
Volkswagen,12900.00,sedan,157,1.80,Gas,yes,2008,Passat B6,18,8.26
Mercedes-Benz,14900.00,van,211,2.20,Other,yes,2012,Vito,14,14.07
Volkswagen,15900.00,other,160,1.80,Petrol,yes,2010,Passat B6,16,9.41
Volkswagen,9300.00,van,154,2.00,Gas,yes,2010,Caddy,16,9.06
Renault,1900.00,vagon,200,2.00,Gas,yes,1987,25,39,5.00
Mercedes-Benz,7000.00,other,260,2.20,Diesel,yes,2000,Vito,26,9.63
Mitsubishi,14700.00,crossover,240,3.20,Diesel,yes,2006,Pajero Wagon,20,11.43
Mercedes-Benz,126902.16,other,8,4.60,Petrol,yes,2015,S 500,11,0.67
Toyota,21800.00,crossover,63,2.00,Petrol,yes,2013,Rav 4,13,4.50
Audi,68000.00,crossover,20,3.00,Petrol,yes,2014,Q5,12,1.54
Mercedes-Benz,7000.00,sedan,370,2.20,Petrol,yes,1995,E-Class,31,11.56
Mercedes-Benz,70000.00,other,21,6.00,Petrol,yes,2008,S 600,18,1.11
Volkswagen,22000.00,sedan,65,2.00,Petrol,yes,2012,Passat B7,14,4.33
Mercedes-Benz,18900.00,other,50,3.50,Petrol,yes,2005,SLK 350,21,2.27
BMW,9700.00,sedan,267,2.00,Diesel,yes,2002,320,24,10.68
Volkswagen,4850.00,vagon,300,1.90,Diesel,yes,1998,Golf III,28,10.34
Mercedes-Benz,8700.00,other,260,2.20,Diesel,yes,2003,Sprinter 213,23,10.83
Toyota,14700.00,sedan,139,3.50,Petrol,yes,2008,Camry,18,7.32
Volkswagen,23999.00,sedan,1,1.60,Diesel,yes,2016,Jetta,10,0.09
Mitsubishi,24500.00,crossover,11,2.50,Diesel,yes,2012,Pajero Sport,14,0.73
Mercedes-Benz,23500.00,van,161,2.20,Diesel,yes,2011,Vito,15,10.06
Volkswagen,10000.00,van,160,1.60,Diesel,yes,2012,Caddy,14,10.67
Volkswagen,9700.00,van,255,2.50,Diesel,yes,2002,T4 (Transporter),24,10.20
Renault,7000.00,vagon,280,1.50,Diesel,yes,2005,Megane,21,12.73
Renault,1585.28,other,245,2.00,Petrol,no,1998,Megane,28,8.45
Audi,15000.00,sedan,38,,Diesel,no,2015,A5,11,3.17
Mercedes-Benz,47600.00,van,0,2.20,Diesel,yes,2016,Vito,10,0.00
Toyota,27000.00,other,105,2.50,Diesel,yes,2013,Hilux,13,7.50
BMW,65000.00,crossover,0,2.50,Diesel,yes,2016,X5,10,0.00
BMW,29999.00,sedan,130,,Petrol,yes,2009,750,17,7.22
Renault,20007.00,sedan,2,1.50,Diesel,yes,2015,Fluence,11,0.17
Volkswagen,15500.00,crossover,167,3.20,Petrol,yes,2006,Touareg,20,7.95
Volkswagen,3999.00,hatch,152,1.20,Petrol,yes,2000,Lupo,26,5.63
BMW,19990.00,sedan,1,2.00,Diesel,yes,2008,320,18,0.05
Mercedes-Benz,38000.00,sedan,42,1.60,Petrol,yes,2014,C-Class,12,3.23
Volkswagen,20477.54,van,1,1.60,Diesel,yes,2015,Caddy,11,0.08
Volkswagen,9650.00,vagon,200,1.40,Gas,yes,2009,Passat B6,17,11.11
BMW,37500.00,crossover,115,3.00,Diesel,yes,2008,X5 M,18,6.05
Mercedes-Benz,12700.00,van,193,2.20,Diesel,yes,2011,Vito,15,12.06
Toyota,4500.00,hatch,207,1.30,Petrol,yes,1995,Corolla,31,6.47
Mercedes-Benz,2400.00,sedan,3,3.00,Diesel,yes,1998,E-Class,28,0.10
Mercedes-Benz,6999.00,sedan,330,2.00,Petrol,yes,1997,200,29,11.00
Volkswagen,8900.00,van,169,1.90,Diesel,yes,2008,Caddy,18,8.89
Mitsubishi,7999.00,sedan,78,1.50,Gas,yes,2011,Lancer X,15,4.88
Volkswagen,13500.00,van,124,2.00,Diesel,yes,2013,T6 (Transporter) ,13,8.86
Audi,1999.00,sedan,400,1.60,Diesel,yes,1986,80,40,9.76
Mercedes-Benz,109999.00,crossover,1,3.00,Diesel,yes,2016,GLS 350,10,0.09
Mercedes-Benz,14100.00,van,138,2.20,Diesel,yes,2009,Vito,17,7.67
Volkswagen,4600.00,other,290,1.90,Diesel,yes,1995,T4 (Transporter) ,31,9.06
Mercedes-Benz,3250.00,sedan,250,4.00,Diesel,no,2002,S 400,24,10.00
Mercedes-Benz,19500.00,sedan,157,3.50,Petrol,yes,2006,S 350,20,7.48
Audi,2300.00,vagon,25,2.50,Diesel,no,1999,A6,27,0.89
Toyota,11700.00,sedan,131,2.40,Petrol,yes,2007,Camry,19,6.55
Audi,7000.00,vagon,210,3.00,Diesel,no,2006,A6,20,10.00
BMW,6950.00,sedan,320,4.40,Gas,yes,1997,740,29,10.67
Mitsubishi,4500.00,sedan,300,1.60,Gas,yes,2000,Carisma,26,11.11
Renault,12500.00,vagon,150,1.50,Diesel,yes,2011,Kangoo,15,9.38
BMW,2200.00,sedan,290,2.50,Gas,yes,1997,525,29,9.67
Renault,10750.00,hatch,136,1.50,Diesel,yes,2011,Megane,15,8.50
Mitsubishi,8400.00,sedan,91,1.50,Petrol,yes,2009,Lancer X,17,5.06
Volkswagen,28500.00,sedan,50,2.00,Petrol,yes,2013,Passat B7,13,3.57
BMW,44800.00,sedan,63,4.40,Petrol,yes,2012,750,14,4.20
Toyota,11707.80,hatch,1,1.20,Petrol,yes,2016,Yaris,10,0.09
BMW,32500.00,sedan,131,2.00,Diesel,yes,2010,520,16,7.71
Renault,10500.00,vagon,165,1.50,Diesel,yes,2012,Megane,14,11.00
Mercedes-Benz,11999.00,other,215,2.20,Diesel,yes,2007,Vito,19,10.75
Mercedes-Benz,20300.00,sedan,198,1.80,Gas,yes,2011,E-Class,15,12.38
BMW,6100.00,sedan,205,1.80,Petrol,yes,2001,316,25,7.88
Volkswagen,12300.00,other,248,1.90,Diesel,yes,2010,T5 (Transporter),16,14.59
Mercedes-Benz,2400.00,sedan,237,3.80,Petrol,yes,1983,S 350,43,5.39
Toyota,11750.00,sedan,69,1.60,Petrol,yes,2013,Corolla,13,4.93
BMW,52300.00,sedan,55,3.00,Diesel,yes,2013,530,13,3.93
Audi,30900.00,crossover,70,2.00,Petrol,yes,2012,Q3,14,4.67
Volkswagen,5200.00,van,235,2.00,Diesel,yes,2005,Caddy,21,10.68
BMW,26800.00,sedan,47,2.00,Petrol,yes,2013,320,13,3.36
Volkswagen,74000.00,crossover,1,3.00,Diesel,yes,2015,Touareg,11,0.08
Renault,10700.00,van,150,1.90,Diesel,yes,2006,Trafic,20,7.14
Mercedes-Benz,17500.00,vagon,113,2.20,Diesel,yes,2010,C-Class,16,6.65
Toyota,30800.00,crossover,56,2.70,Gas,yes,2011,Land Cruiser Prado,15,3.50
Volkswagen,2800.00,hatch,140,1.40,Petrol,no,2002,Golf IV,24,5.60
Mercedes-Benz,12600.00,sedan,123,3.20,Petrol,yes,2000,S 320,26,4.56
Volkswagen,17500.00,sedan,144,1.40,Petrol,yes,2012,Passat CC,14,9.60
Toyota,68000.00,crossover,67,4.50,Diesel,yes,2012,Land Cruiser 200,14,4.47
Toyota,34000.00,crossover,44,3.50,Petrol,yes,2012,Highlander,14,2.93
Toyota,28900.00,crossover,20,2.50,Petrol,yes,2013,Rav 4,13,1.43
Volkswagen,9900.00,van,230,1.90,Diesel,yes,2008,T5 (Transporter) ,18,12.11
Toyota,46500.00,other,4,3.00,Diesel,yes,2016,Hilux,10,0.36
BMW,24700.00,other,85,4.40,Petrol,yes,2004,645,22,3.70
Volkswagen,3400.00,van,175,1.40,Petrol,yes,2003,Caddy,23,7.29
Mitsubishi,7700.00,sedan,139,1.50,Petrol,yes,2008,Lancer X,18,7.32
Toyota,19000.00,crossover,263,4.20,Diesel,yes,2001,Land Cruiser 100,25,10.12
BMW,3500.00,sedan,185,2.00,Diesel,no,2002,320,24,7.40
Volkswagen,14800.00,other,177,2.00,Diesel,yes,2012,T5 (Transporter) ,14,11.80
Mitsubishi,36000.00,crossover,0,2.40,Petrol,yes,2016,Outlander,10,0.00
Volkswagen,13995.00,van,147,1.60,Diesel,yes,2013,Touran,13,10.50
Toyota,9900.00,sedan,130,2.30,Gas,yes,2006,Camry,20,6.19
Mitsubishi,7500.00,hatch,138,1.30,Petrol,yes,2008,Colt,18,7.26
Volkswagen,24800.00,sedan,2,1.60,Diesel,yes,2016,Jetta,10,0.18
Renault,7100.00,hatch,127,2.00,Gas,yes,2006,Laguna,20,6.05
Toyota,45000.00,crossover,80,4.00,Petrol,yes,2013,Land Cruiser Prado,13,5.71
Mercedes-Benz,2499.00,sedan,300,3.00,Diesel,no,1999,E-Class,27,10.71
Mitsubishi,9500.00,sedan,136,2.00,Petrol,yes,2008,Lancer X,18,7.16
BMW,21000.00,sedan,186,3.00,Petrol,yes,2007,530,19,9.30
Volkswagen,11450.00,van,140,2.00,Diesel,yes,2010,Caddy,16,8.24
Volkswagen,66346.00,crossover,0,3.00,Diesel,yes,2016,Touareg,10,0.00
Volkswagen,8200.00,hatch,164,1.40,Petrol,yes,2008,Polo,18,8.63
BMW,11700.00,sedan,316,,Diesel,yes,2001,730,25,12.15
Renault,4599.00,van,190,1.50,Diesel,yes,2003,Kangoo,23,7.92
Volkswagen,8900.00,sedan,62,1.60,Petrol,yes,2012,Polo,14,4.13
Toyota,13900.00,hatch,79,1.60,Gas,yes,2012,Auris,14,5.27
BMW,5500.00,sedan,200,3.50,Gas,yes,1998,535,28,6.90
Mercedes-Benz,5500.00,sedan,360,2.00,Gas,yes,1994,E-Class,32,10.91
BMW,14500.00,sedan,215,,Petrol,yes,2006,525,20,10.24
Audi,3300.00,sedan,300,1.80,Gas,yes,1987,80,39,7.50
Volkswagen,5950.00,van,213,1.60,Gas,yes,2008,Caddy,18,11.21
Mitsubishi,18999.00,crossover,173,3.80,Gas,yes,2008,Pajero Wagon,18,9.11
Mercedes-Benz,124000.00,crossover,0,3.00,Petrol,yes,2016,GLS 400,10,0.00
Volkswagen,11500.00,sedan,130,2.00,Diesel,yes,2008,Passat B6,18,6.84
Mercedes-Benz,4500.00,sedan,240,3.20,Other,no,2005,C-Class,21,10.91
BMW,34900.00,crossover,35,3.00,Petrol,yes,2011,X3,15,2.19
Mitsubishi,12999.00,crossover,84,2.40,Petrol,yes,2009,Outlander XL,17,4.67
Toyota,20900.00,crossover,180,4.70,Gas,yes,2004,Land Cruiser 100,22,7.83
Mercedes-Benz,26900.00,sedan,150,5.50,Petrol,yes,2008,S 550,18,7.89
Volkswagen,49999.00,van,59,2.00,Diesel,yes,2014,Multivan,12,4.54
Mercedes-Benz,4000.00,crossover,287,4.00,Diesel,no,2003,ML 400,23,11.96
Volkswagen,52300.00,crossover,19,3.00,Diesel,yes,2014,Touareg,12,1.46
Mercedes-Benz,29500.00,sedan,37,1.80,Petrol,yes,2012,E-Class,14,2.47
Volkswagen,19100.00,other,120,1.40,Petrol,yes,2012,Scirocco,14,8.00
BMW,45500.00,other,26,2.00,Diesel,yes,2015,520,11,2.17
Toyota,4000.00,sedan,243,2.00,Gas,yes,1987,Mark II,39,6.08
BMW,7200.00,sedan,255,2.80,Petrol,yes,1998,328,28,8.79
Volkswagen,1900.00,vagon,440,1.60,Gas,yes,1988,Passat B2,38,11.28
BMW,24700.00,vagon,142,2.00,Diesel,yes,2012,520,14,9.47
Toyota,21000.00,crossover,74,2.00,Petrol,yes,2011,Rav 4,15,4.62
Mitsubishi,14500.00,crossover,90,3.00,Petrol,yes,2008,Pajero Wagon,18,4.74
Mercedes-Benz,13800.00,sedan,222,3.00,Gas,yes,2007,E-Class,19,11.10
Volkswagen,25999.00,sedan,60,1.80,Petrol,yes,2014,Passat B7,12,4.62
Volkswagen,9555.00,sedan,174,2.00,Petrol,yes,2007,Passat B6,19,8.70
Renault,9700.00,van,152,2.00,Diesel,yes,2010,Trafic,16,8.94
Renault,11700.00,van,150,2.30,Diesel,yes,2012,Master,14,10.00
Volkswagen,5300.00,vagon,259,1.60,Gas,yes,1995,Passat B4,31,8.09
Toyota,8700.00,hatch,140,,Petrol,yes,2008,Auris,18,7.37
Audi,22500.00,sedan,159,5.20,Petrol,yes,2008,S8,18,8.37
Renault,8300.00,van,221,1.50,Diesel,yes,2009,Kangoo,17,12.28
Volkswagen,4900.00,van,198,1.60,Petrol,no,2004,Touran,22,8.61
Volkswagen,2850.00,vagon,440,1.60,Diesel,yes,1988,Passat B2,38,11.28
Volkswagen,4999.00,van,225,,Other,no,2003,Caravelle,23,9.38
BMW,8100.00,sedan,245,2.00,Diesel,no,2007,320,19,12.25
Volkswagen,4400.00,sedan,290,1.80,Gas,yes,1997,Vento,29,9.67
BMW,9500.00,crossover,110,3.00,Diesel,no,2008,X6,18,5.79
Audi,9500.00,vagon,160,2.70,Gas,yes,2003,A6 Allroad,23,6.67
Toyota,4350.00,sedan,35,2.20,Gas,yes,1999,Camry,27,1.25
Volkswagen,10000.00,van,224,2.50,Diesel,yes,2006,T5 (Transporter),20,10.67
BMW,65000.00,crossover,58,4.40,Petrol,yes,2014,X5,12,4.46
Toyota,1750.00,hatch,270,1.60,Petrol,yes,1985,Corolla,41,6.43
Renault,8200.00,hatch,79,1.60,Petrol,yes,2008,Laguna,18,4.16
Volkswagen,22000.00,crossover,98,2.00,Diesel,yes,2013,Tiguan,13,7.00
Volkswagen,13300.95,sedan,0,1.60,Petrol,yes,2016,Polo,10,0.00
Volkswagen,9300.00,vagon,150,2.00,Petrol,yes,2008,Passat B6,18,7.89
Audi,12000.00,sedan,9,,Petrol,no,2015,A4,11,0.75
Volkswagen,6700.00,van,300,2.40,Diesel,yes,2000,T4 (Transporter),26,11.11
Mercedes-Benz,3900.00,sedan,385,1.80,Petrol,yes,1995,C-Class,31,12.03
Mercedes-Benz,2150.00,sedan,360,2.90,Diesel,no,1997,E-Class,29,12.00
Renault,11111.00,vagon,190,1.50,Diesel,yes,2011,Laguna,15,11.88
Renault,7500.00,other,160,2.00,Gas,yes,2006,Scenic,20,7.62
BMW,99999.00,other,0,3.00,Petrol,yes,2016,640,10,0.00
Volkswagen,20500.00,hatch,56,2.00,Diesel,yes,2014,Golf VII,12,4.31
Mercedes-Benz,119000.00,sedan,27,3.00,Diesel,yes,2014,S 350,12,2.08
Mitsubishi,40800.00,crossover,0,2.40,Diesel,yes,2016,Pajero Sport,10,0.00
Renault,10700.00,van,265,2.00,Diesel,yes,2007,Trafic,19,13.25
Volkswagen,69990.00,van,1,2.00,Diesel,yes,2015,Multivan,11,0.08
Volkswagen,12500.00,sedan,128,2.00,Petrol,yes,2007,Passat B6,19,6.40
Audi,15000.00,vagon,154,2.00,Diesel,yes,2008,A6,18,8.11
Mitsubishi,6300.00,sedan,126,1.60,Petrol,yes,2006,Lancer,20,6.00
Renault,13500.00,hatch,10,1.60,Petrol,yes,2014,Megane,12,0.77
Toyota,9700.00,sedan,130,,Petrol,yes,2008,Corolla,18,6.84
Volkswagen,1900.00,sedan,297,1.60,Petrol,yes,1987,Jetta,39,7.42
Volkswagen,17800.00,crossover,210,3.00,Diesel,yes,2005,Touareg,21,9.55
Volkswagen,10000.00,van,71,1.20,Petrol,yes,2013,Caddy,13,5.07
Volkswagen,10800.00,other,146,1.60,Diesel,yes,2012,Caddy,14,9.73
Mercedes-Benz,10900.00,sedan,360,5.00,Gas,yes,2001,S 500,25,13.85
Volkswagen,15000.00,vagon,69,1.40,Petrol,yes,2012,Touran,14,4.60
Volkswagen,9850.00,sedan,110,2.00,Petrol,yes,2006,Passat B6,20,5.24
Mitsubishi,8500.00,crossover,320,3.00,Gas,yes,2000,Pajero Sport,26,11.85
Volkswagen,14900.00,vagon,170,1.60,Diesel,yes,2011,Passat B7,15,10.62
Mitsubishi,11500.00,sedan,72,2.40,Petrol,yes,2006,Lancer Evolution,20,3.43
Audi,8500.00,sedan,247,2.50,Diesel,yes,2001,A6,25,9.50
Mitsubishi,12900.00,sedan,40,2.00,Petrol,yes,2013,Lancer Evolution,13,2.86
Mitsubishi,30500.00,sedan,72,2.00,Petrol,yes,2006,Lancer Evolution,20,3.43
Audi,13900.00,sedan,150,,Petrol,yes,2006,A8,20,7.14
Mercedes-Benz,43500.00,other,51,3.00,Diesel,yes,2014,E-Class,12,3.92
BMW,30500.00,sedan,73,2.00,Petrol,yes,2013,520,13,5.21
Mercedes-Benz,1650.00,sedan,257,1.80,Gas,no,1995,CL 180,31,8.03
Renault,9300.00,vagon,184,1.50,Diesel,yes,2011,Megane,15,11.50
Mercedes-Benz,30500.00,sedan,89,6.15,Petrol,yes,2008,CLS 63 AMG,18,4.68
Mercedes-Benz,16300.00,van,175,2.20,Diesel,yes,2010,Vito,16,10.29
Renault,5750.00,crossover,225,2.00,Gas,yes,2003,Scenic,23,9.38
Mercedes-Benz,54500.00,sedan,29,3.00,Diesel,yes,2012,CLS 350,14,1.93
Mercedes-Benz,11500.00,van,209,2.20,Diesel,yes,2008,Vito,18,11.00
Mercedes-Benz,53500.00,crossover,46,5.50,Petrol,yes,2008,G 500,18,2.42
Renault,11300.00,van,183,2.00,Diesel,yes,2011,Trafic,15,11.44
Volkswagen,13900.00,crossover,156,2.00,Diesel,yes,2012,T6 (Transporter) ,14,10.40
Audi,14300.00,sedan,175,3.00,Petrol,yes,2006,A6,20,8.33
Volkswagen,7500.00,van,280,1.60,Diesel,yes,2011,Caddy,15,17.50
Volkswagen,55555.00,van,63,2.00,Diesel,yes,2013,Multivan,13,4.50
Volkswagen,6999.00,hatch,195,1.40,Diesel,yes,2004,Golf V,22,8.48
Mitsubishi,11499.00,van,98,2.40,Petrol,yes,2008,Grandis,18,5.16
BMW,2850.00,sedan,214,1.90,Petrol,no,2000,318,26,7.93
Renault,7150.00,van,118,1.50,Diesel,yes,2008,Kangoo,18,6.21
Audi,25900.00,sedan,104,2.80,Petrol,yes,2010,A6,16,6.12
Toyota,12500.00,hatch,75,1.40,Diesel,yes,2012,Yaris,14,5.00
Mercedes-Benz,6200.00,van,196,2.20,Diesel,yes,2002,Vito,24,7.84
Toyota,28700.00,crossover,92,3.50,Gas,yes,2012,Highlander,14,6.13
Volkswagen,6000.00,van,419,2.40,Diesel,yes,1995,T4 (Transporter),31,13.09
Audi,44800.00,crossover,100,3.00,Diesel,yes,2014,Q7,12,7.69
BMW,37000.00,crossover,186,5.00,Petrol,yes,2008,X6,18,9.79
Audi,8000.00,sedan,234,2.40,Petrol,yes,1998,A6,28,8.07
Volkswagen,21500.00,sedan,1,1.40,Petrol,yes,2015,Jetta,11,0.08
BMW,4700.00,sedan,200,2.50,Petrol,yes,1995,525,31,6.25
Mitsubishi,15500.00,crossover,102,3.00,Petrol,yes,2009,Outlander XL,17,5.67
Renault,7900.00,van,149,1.50,Diesel,yes,2013,Kangoo,13,10.64
Toyota,32000.00,sedan,22,2.50,Petrol,yes,2015,Camry,11,1.83
BMW,26999.00,crossover,180,4.80,Gas,yes,2008,X5,18,9.47
Toyota,7500.00,vagon,196,1.59,Petrol,yes,2003,Corolla Verso,23,8.17
Mercedes-Benz,10999.00,van,191,2.20,Diesel,yes,2007,Vito,19,9.55
Mitsubishi,7300.00,sedan,121,1.60,Gas,yes,2008,Lancer,18,6.37
Mercedes-Benz,8000.00,van,280,2.20,Diesel,yes,2005,Vito,21,12.73
Mitsubishi,17555.00,crossover,115,3.00,Gas,yes,2008,Pajero Wagon,18,6.05
Volkswagen,38000.00,crossover,189,3.00,Diesel,yes,2012,Touareg,14,12.60
BMW,15400.00,vagon,179,2.00,Diesel,yes,2007,520,19,8.95
Volkswagen,10200.00,van,137,1.90,Diesel,yes,2008,Caddy,18,7.21
Mercedes-Benz,7900.00,van,234,2.20,Diesel,yes,2002,Vito,24,9.36
Mitsubishi,6700.00,sedan,161,1.60,Gas,yes,2006,Lancer,20,7.67
Mercedes-Benz,30000.00,other,176,5.50,Petrol,yes,2003,E-Class,23,7.33
Volkswagen,11000.00,vagon,210,1.90,Diesel,yes,2008,Touran,18,11.05
Mercedes-Benz,38500.00,sedan,56,2.20,Diesel,yes,2014,CLA-Class,12,4.31
Mercedes-Benz,7600.00,van,280,2.20,Diesel,yes,2001,Vito,25,10.77
Volkswagen,8900.00,hatch,90,1.90,Diesel,yes,2009,Golf V,17,5.00
Toyota,23400.00,crossover,120,4.00,Petrol,yes,2007,Land Cruiser Prado,19,6.00
Audi,37000.00,sedan,37,2.80,Petrol,yes,2012,A6,14,2.47
Renault,5600.00,vagon,151,1.50,Diesel,yes,2006,Kangoo,20,7.19
Volkswagen,18900.00,sedan,75,1.80,Petrol,yes,2011,Passat B7,15,4.69
Mercedes-Benz,15900.00,vagon,219,3.00,Diesel,yes,2007,E-Class,19,10.95
Mercedes-Benz,15200.00,sedan,170,2.80,Gas,yes,2007,E-Class,19,8.50
Volkswagen,20700.00,vagon,74,2.00,Diesel,yes,2013,Passat B7,13,5.29
BMW,8200.00,sedan,210,3.50,Petrol,yes,1999,735,27,7.50
Mitsubishi,5400.00,van,300,1.60,Petrol,yes,2002,Space Star,24,12.00
Mitsubishi,11700.00,sedan,82,1.50,Gas,yes,2010,Lancer X,16,4.82
Mitsubishi,12000.00,sedan,121,2.40,Gas,yes,2009,Galant,17,6.72
Volkswagen,8100.00,sedan,198,1.60,Petrol,yes,2007,Jetta,19,9.90
BMW,19999.00,sedan,290,4.80,Petrol,yes,2006,750,20,13.81
Audi,32000.00,sedan,103,2.00,Diesel,yes,2013,A6,13,7.36
Volkswagen,6200.00,van,340,1.80,Petrol,yes,1999,Sharan,27,12.14
BMW,1585.28,sedan,270,2.50,Diesel,no,1992,525,34,7.71
Volkswagen,17900.00,other,119,2.00,Diesel,yes,2012,T6 (Transporter),14,7.93
Mercedes-Benz,42500.00,sedan,140,5.50,Petrol,yes,2011,S 500,15,8.75
BMW,4000.00,sedan,335,2.00,Diesel,no,1999,320,27,11.96
Mitsubishi,13200.00,crossover,124,3.00,Gas,yes,2008,Pajero Sport,18,6.53
Mercedes-Benz,24990.00,sedan,85,5.50,Petrol,yes,2008,S 500,18,4.47
BMW,45200.00,crossover,68,3.00,Diesel,yes,2012,X5,14,4.53
Toyota,18400.00,crossover,160,4.70,Gas,yes,2003,Land Cruiser 100,23,6.67
Volkswagen,9500.00,van,212,1.90,Diesel,yes,2006,T5 (Transporter),20,10.10
Audi,25500.00,sedan,140,2.80,Petrol,yes,2012,A6,14,9.33
Volkswagen,14999.00,crossover,200,4.20,Petrol,yes,2007,Touareg,19,10.00
Volkswagen,10200.00,van,153,2.50,Diesel,yes,2007,T5 (Transporter),19,7.65
Mitsubishi,7900.00,sedan,238,2.00,Gas,yes,2008,Lancer X,18,12.53
BMW,52222.00,hatch,3,2.00,Diesel,yes,2016,4 Series Gran Coupe,10,0.27
Mitsubishi,9000.00,sedan,110,2.00,Petrol,yes,2008,Lancer X,18,5.79
Audi,4200.00,vagon,215,2.50,Diesel,no,2003,A6,23,8.96
Toyota,39500.00,other,100,4.50,Diesel,yes,2008,Land Cruiser 200,18,5.26
BMW,9000.00,sedan,245,3.00,Diesel,yes,2001,730,25,9.42
Mercedes-Benz,12000.00,van,177,,Diesel,yes,2013,Vito,13,12.64
Mercedes-Benz,23900.00,sedan,96,3.50,Petrol,yes,2009,S 350,17,5.33
Mercedes-Benz,55000.00,crossover,128,3.00,Diesel,yes,2013,ML 350,13,9.14
Mercedes-Benz,11700.00,sedan,246,5.00,Petrol,yes,2004,S 500,22,10.70
Mitsubishi,40990.00,crossover,0,2.40,Diesel,yes,2016,Pajero Sport,10,0.00
BMW,42000.00,sedan,71,2.99,Petrol,yes,2011,535,15,4.44
Renault,12100.00,crossover,138,2.50,Gas,yes,2008,Koleos,18,7.26
Toyota,11400.00,sedan,118,1.40,Petrol,yes,2010,Corolla,16,6.94
Audi,7000.00,vagon,320,1.90,Diesel,yes,1996,A4,30,10.32
BMW,3500.00,hatch,1,2.00,Petrol,yes,2006,120,20,0.05
Mitsubishi,23800.00,crossover,45,2.50,Diesel,yes,2015,Pajero Sport,11,3.75
Mercedes-Benz,10550.00,other,128,,Other,yes,2011,Vito,15,8.00
Mercedes-Benz,9500.00,other,220,2.20,Diesel,yes,2005,Vito,21,10.00
BMW,37500.00,other,55,2.00,Petrol,yes,2014,428,12,4.23
Renault,6000.00,van,1,1.90,Diesel,yes,2005,Trafic,21,0.05
Mercedes-Benz,71999.00,crossover,0,2.20,Diesel,yes,2016,GLE-Class,10,0.00
Mercedes-Benz,10150.00,other,190,2.20,Diesel,yes,2008,Vito,18,10.00
Audi,8300.00,sedan,186,2.50,Diesel,yes,1996,A6,30,6.00
BMW,2600.00,sedan,270,2.00,Diesel,no,1998,320,28,9.31
Mercedes-Benz,3500.00,sedan,250,2.70,Diesel,no,2001,E-Class,25,9.62
Mercedes-Benz,29900.00,crossover,86,3.00,Gas,yes,2010,GLK 300,16,5.06
Volkswagen,19999.00,sedan,107,1.80,Petrol,yes,2011,Passat B7,15,6.69
Volkswagen,6000.00,van,180,2.00,Diesel,yes,2008,Caddy,18,9.47
Mercedes-Benz,10900.00,van,360,2.20,Other,yes,2006,Vito,20,17.14
Volkswagen,9999.00,van,165,1.60,Diesel,yes,2012,Caddy,14,11.00
BMW,3700.00,other,110,2.50,Petrol,yes,1983,323,43,2.50
Volkswagen,12400.00,other,145,3.20,Petrol,yes,2007,Passat B6,19,7.25
Audi,3500.00,sedan,354,2.50,Diesel,no,2000,A6,26,13.11
BMW,20900.00,crossover,230,3.00,Diesel,yes,2006,X5,20,10.95
Audi,4150.00,sedan,220,2.50,Diesel,no,1999,A8,27,7.86
Volkswagen,4100.00,van,345,1.90,Diesel,no,2002,Sharan,24,13.80
Volkswagen,11500.00,sedan,70,,Other,yes,2014,Polo,12,5.38
Mercedes-Benz,28500.00,sedan,86,5.50,Petrol,yes,2007,S 500,19,4.30
Toyota,18900.00,crossover,90,2.00,Petrol,yes,2010,Rav 4,16,5.29
Mercedes-Benz,12500.00,van,167,2.20,Diesel,yes,2013,Vito,13,11.93
Mercedes-Benz,5500.00,sedan,199,,Petrol,yes,2000,E-Class,26,7.37
Renault,2700.00,other,160,2.00,Petrol,no,2001,Megane,25,6.15
Audi,10200.00,sedan,120,2.00,Petrol,yes,2006,A4,20,5.71
BMW,6900.00,sedan,238,3.50,Petrol,yes,1999,535,27,8.50
Mitsubishi,13200.00,crossover,79,2.40,Gas,yes,2009,Outlander,17,4.39
Mercedes-Benz,124999.00,crossover,0,3.00,Diesel,yes,2016,GLS 350,10,0.00
BMW,4100.00,sedan,200,2.70,Petrol,yes,1988,525,38,5.13
Mercedes-Benz,3200.00,sedan,229,2.70,Diesel,no,2001,E-Class,25,8.81
Toyota,13699.00,crossover,160,2.00,Petrol,yes,2007,Rav 4,19,8.00
Mitsubishi,5700.00,sedan,176,1.60,Petrol,yes,2004,Lancer,22,7.65
Mercedes-Benz,6500.00,other,215,2.20,Diesel,yes,2000,Vito,26,7.96
Volkswagen,44000.00,crossover,150,4.20,Diesel,yes,2011,Touareg,15,9.38
BMW,37000.00,sedan,130,3.00,Petrol,yes,2011,535,15,8.12
BMW,29500.00,crossover,189,3.00,Diesel,yes,2009,X5,17,10.50
Mercedes-Benz,99000.00,van,5,1.60,Diesel,yes,2013,Viano,13,0.36
Audi,2999.00,vagon,320,,Diesel,no,1999,A6,27,11.43
Volkswagen,4900.00,sedan,350,2.00,Gas,yes,2000,Bora,26,12.96
Renault,5950.00,sedan,277,1.50,Diesel,yes,2005,Megane,21,12.59
Mercedes-Benz,18300.00,sedan,155,3.00,Petrol,yes,2007,C-Class,19,7.75
Mercedes-Benz,4700.00,sedan,280,2.80,Petrol,yes,1993,E-Class,33,8.24
Toyota,37500.00,crossover,115,5.70,Petrol,yes,2008,Land Cruiser 200,18,6.05
Volkswagen,15000.00,van,230,2.50,Diesel,yes,2007,T5 (Transporter),19,11.50
Audi,2800.00,sedan,330,,Other,yes,1989,80,37,8.68
Mercedes-Benz,6900.00,sedan,350,3.00,Diesel,yes,1994,E-Class,32,10.61
Mercedes-Benz,8300.00,van,230,2.20,Diesel,yes,2004,Vito,22,10.00
Renault,3600.00,van,199,1.90,Diesel,yes,2000,Kangoo,26,7.37
Audi,2500.00,vagon,280,2.50,Other,no,1999,A6,27,10.00
Volkswagen,40500.00,crossover,37,3.00,Diesel,yes,2012,Touareg,14,2.47
Mercedes-Benz,85000.00,van,3,2.20,Diesel,yes,2016,V 250,10,0.27
Audi,4800.00,sedan,341,2.80,Petrol,yes,1992,100,34,9.74
Volkswagen,2500.00,sedan,440,1.60,Diesel,yes,1991,Jetta,35,12.22
Mercedes-Benz,9500.00,vagon,180,3.20,Diesel,yes,2002,E-Class,24,7.20
Toyota,12700.00,sedan,160,2.40,Gas,yes,2005,Camry,21,7.27
Volkswagen,10799.00,van,128,1.90,Diesel,yes,2010,Caddy,16,7.53
Audi,27300.00,other,150,4.20,Petrol,yes,2007,Q7,19,7.50
Volkswagen,20500.00,hatch,440,2.00,Diesel,yes,2013,Golf VII,13,31.43
Toyota,21999.00,other,65,2.50,Petrol,yes,2012,Camry,14,4.33
Mercedes-Benz,14500.00,van,300,2.20,Diesel,yes,2005,Sprinter 313,21,13.64
Audi,12500.00,sedan,146,1.80,Petrol,yes,2007,A4,19,7.30
Renault,7200.00,van,123,1.50,Diesel,yes,2012,Kangoo,14,8.20
Mitsubishi,8200.00,sedan,160,2.00,Gas,yes,2007,Lancer X,19,8.00
Mercedes-Benz,23999.00,other,150,,Diesel,yes,2010,Vito,16,8.82
Volkswagen,13200.00,van,150,1.40,Gas,yes,2012,Touran,14,10.00
Audi,22500.00,sedan,124,3.00,Diesel,yes,2008,A8,18,6.53
BMW,4000.00,sedan,230,2.00,Diesel,no,2003,320,23,9.58
Mitsubishi,9200.00,other,0,,Other,yes,2007,Lancer X,19,0.00
Toyota,11300.00,sedan,260,3.50,Gas,yes,2007,Camry,19,13.00
Toyota,9300.00,sedan,185,1.60,Gas,yes,2008,Corolla,18,9.74
Mitsubishi,20000.00,crossover,135,2.50,Diesel,yes,2011,Pajero Sport,15,8.44
Volkswagen,17000.00,other,184,3.60,Petrol,yes,2008,Passat B6,18,9.68
BMW,56500.00,crossover,45,3.00,Diesel,yes,2014,X6,12,3.46
BMW,8700.00,sedan,355,3.00,Diesel,yes,2000,730,26,13.15
BMW,4600.00,sedan,340,2.00,Gas,yes,1995,520,31,10.62
BMW,5500.00,sedan,249,,Other,yes,1995,530,31,7.78
Mercedes-Benz,35000.00,crossover,154,3.20,Diesel,yes,2008,GL 320,18,8.11
Volkswagen,6900.00,sedan,256,1.80,Petrol,yes,2002,Passat B5,24,10.24
Volkswagen,4200.00,van,210,2.00,Diesel,no,2004,Touran,22,9.13
Renault,5650.00,hatch,175,6.15,Other,yes,2002,Laguna,24,7.00
Mitsubishi,22500.00,other,57,2.50,Other,yes,2013,L 200,13,4.07
Volkswagen,4500.00,van,380,2.00,Diesel,yes,2004,Caddy,22,16.52
Volkswagen,4800.00,hatch,90,1.90,Diesel,yes,1992,Golf III,34,2.57
Volkswagen,10900.00,sedan,136,1.80,Petrol,yes,2008,Passat B6,18,7.16
Volkswagen,9900.00,other,178,2.50,Diesel,yes,2007,T5 (Transporter),19,8.90
Mercedes-Benz,11900.00,sedan,110,2.57,Petrol,yes,2004,C-Class,22,4.78
Mercedes-Benz,5200.00,sedan,370,2.00,Petrol,yes,1997,E-Class,29,12.33
Volkswagen,17400.00,sedan,73,1.80,Petrol,yes,2012,Passat B7,14,4.87
Renault,6799.00,van,140,1.50,Diesel,yes,2012,Kangoo,14,9.33
Mercedes-Benz,2300.00,sedan,300,2.00,Petrol,yes,1991,E-Class,35,8.33
Mercedes-Benz,32800.00,crossover,109,3.00,Diesel,yes,2011,ML 350,15,6.81
Volkswagen,4999.00,sedan,145,2.00,Petrol,yes,2000,Jetta,26,5.37
Volkswagen,10900.00,vagon,185,1.40,Petrol,yes,2011,Golf VI,15,11.56
Mercedes-Benz,34999.00,other,85,5.50,Petrol,yes,2008,CL 55 AMG,18,4.47
Volkswagen,4100.00,hatch,160,1.80,Petrol,yes,2006,Pointer,20,7.62
Toyota,9000.00,sedan,232,2.40,Petrol,yes,2005,Camry,21,10.55
Toyota,18900.00,crossover,161,2.70,Gas,yes,2005,Land Cruiser Prado,21,7.32
Volkswagen,16500.00,sedan,123,1.80,Petrol,yes,2010,Passat B6,16,7.24
Toyota,14474.00,crossover,115,2.00,Petrol,yes,2007,Rav 4,19,5.75
BMW,3999.00,sedan,250,3.00,Diesel,no,2000,530,26,9.26
Audi,5000.00,sedan,370,2.30,Petrol,yes,1991,100,35,10.28
Toyota,9200.00,sedan,250,2.40,Gas,yes,2003,Camry,23,10.42
Volkswagen,6000.00,vagon,250,5.00,Diesel,yes,1995,Passat B4,31,7.81
Volkswagen,13300.00,sedan,133,1.80,Petrol,yes,2008,Passat B6,18,7.00
Renault,17639.47,crossover,0,1.20,Petrol,yes,2016,Captur,10,0.00
BMW,27500.00,sedan,100,2.00,Petrol,yes,2012,520,14,6.67
BMW,13200.00,sedan,150,2.20,Petrol,yes,2004,520,22,6.52
Audi,35500.00,crossover,130,3.00,Diesel,yes,2010,Q7,16,7.65
Toyota,41900.00,crossover,89,4.50,Diesel,yes,2012,Land Cruiser 200,14,5.93
Renault,10500.00,crossover,93,1.50,Diesel,yes,2011,Duster,15,5.81
Mercedes-Benz,9999.00,sedan,250,2.20,Diesel,yes,2000,E-Class,26,9.26
Mercedes-Benz,24800.00,other,160,3.00,Diesel,yes,2007,S 320,19,8.00
Mercedes-Benz,3300.00,sedan,330,2.00,Gas,yes,1988,190,38,8.46
Mitsubishi,6900.00,sedan,122,1.60,Petrol,yes,2008,Lancer,18,6.42
Renault,7300.00,van,212,1.50,Diesel,yes,2009,Kangoo,17,11.78
Mitsubishi,11500.00,crossover,142,2.40,Petrol,yes,2006,Outlander,20,6.76
Toyota,36800.00,crossover,77,3.00,Diesel,yes,2012,Land Cruiser Prado,14,5.13
Mercedes-Benz,19600.00,van,127,1.80,Diesel,yes,2013,B 180,13,9.07
Mitsubishi,8300.00,crossover,161,2.00,Petrol,yes,2005,Outlander,21,7.32
Mercedes-Benz,13200.00,van,260,2.20,Diesel,yes,2008,Sprinter 213,18,13.68
Mercedes-Benz,28900.00,other,78,3.50,Petrol,yes,2010,E-Class,16,4.59
BMW,6900.00,sedan,280,2.00,Gas,yes,2000,320,26,10.37
Renault,7600.00,sedan,97,1.60,Petrol,yes,2008,Megane,18,5.11
BMW,27500.00,sedan,170,2.00,Diesel,yes,2011,520,15,10.62
Mercedes-Benz,126902.16,sedan,29,6.00,Petrol,yes,2011,S-Guard,15,1.81
BMW,30000.00,sedan,78,3.80,Petrol,yes,1993,M5,33,2.29
Volkswagen,7700.00,sedan,180,1.80,Petrol,yes,2004,Passat B5,22,7.83
Mercedes-Benz,126902.16,sedan,54,4.66,Petrol,yes,2015,S 500,11,4.50
Mercedes-Benz,11300.00,other,220,3.20,Diesel,yes,2003,E-Class,23,9.17
Toyota,12200.00,sedan,157,2.40,Gas,yes,2009,Camry,17,8.72
Mercedes-Benz,50900.00,crossover,85,3.00,Diesel,yes,2013,ML 350,13,6.07
Mercedes-Benz,33900.00,other,100,5.50,Petrol,yes,2007,CL 500,19,5.00
Renault,11900.00,van,143,2.00,Diesel,yes,2009,Trafic,17,7.94
Mitsubishi,7400.00,sedan,189,1.60,Petrol,yes,2006,Lancer,20,9.00
BMW,10800.00,sedan,288,4.40,Gas,yes,2002,745,24,11.52
Toyota,22700.00,crossover,128,4.00,Gas,yes,2007,Land Cruiser Prado,19,6.40
Mercedes-Benz,15000.00,sedan,67,2.80,Other,yes,1995,E-Class,31,2.09
Renault,8300.00,hatch,168,1.60,Petrol,yes,2009,Laguna,17,9.33
Renault,8499.00,van,120,1.50,Diesel,yes,2014,Kangoo,12,9.23
Volkswagen,8950.00,sedan,140,1.60,Petrol,yes,2012,Polo,14,9.33
Volkswagen,7500.00,sedan,272,2.80,Gas,yes,2002,Passat B5,24,10.88
Volkswagen,11350.00,van,190,6.15,Diesel,yes,2011,T5 (Transporter) ,15,11.88
Volkswagen,6650.00,van,223,1.90,Diesel,yes,2007,Caddy,19,11.15
Toyota,12800.00,sedan,203,,Petrol,yes,2005,Camry,21,9.23
Audi,6500.00,sedan,365,4.20,Gas,yes,1995,A8,31,11.41
Volkswagen,8700.00,van,158,2.50,Diesel,yes,2003,T5 (Transporter),23,6.58
Volkswagen,12000.00,sedan,152,1.80,Petrol,yes,2008,Passat B6,18,8.00
Audi,16800.00,sedan,47,1.20,Petrol,yes,2013,A3,13,3.36
Toyota,24000.00,sedan,16,2.50,Petrol,yes,2013,Camry,13,1.14
Volkswagen,20900.00,sedan,82,2.00,Diesel,yes,2012,Passat B7,14,5.47
Volkswagen,17500.00,sedan,76,1.80,Petrol,yes,2012,Passat B7,14,5.07
Mitsubishi,8000.00,sedan,119,,Petrol,yes,2007,Lancer,19,5.95
Mercedes-Benz,38200.00,sedan,39,1.60,Petrol,yes,2015,C-Class,11,3.25
Mercedes-Benz,5400.00,other,300,3.20,Gas,yes,1997,E-Class,29,10.00
Volkswagen,17800.00,sedan,180,3.00,Diesel,yes,2007,Touareg,19,9.00
BMW,13000.00,sedan,90,5.00,Petrol,no,2008,M5,18,4.74
Volkswagen,10950.00,van,177,2.00,Diesel,yes,2011,Caddy,15,11.06
Mercedes-Benz,3800.00,crossover,250,3.20,Gas,no,1998,ML 320,28,8.62
Mitsubishi,7300.00,sedan,137,1.60,Gas,yes,2006,Lancer,20,6.52
Mercedes-Benz,19900.00,other,52,1.80,Petrol,yes,2007,SLK 200,19,2.60
Mercedes-Benz,7300.00,vagon,380,2.90,Diesel,yes,1997,E-Class,29,12.67
Audi,9800.00,vagon,253,1.90,Diesel,yes,2002,A6,24,10.12
Renault,6450.00,van,186,1.50,Diesel,yes,2011,Kangoo,15,11.62
Volkswagen,28500.00,other,38,2.00,Diesel,yes,2015,Tiguan,11,3.17
Renault,10600.00,vagon,220,2.50,Other,yes,2006,Trafic,20,10.48
Volkswagen,11900.00,sedan,144,1.60,Gas,yes,2009,Jetta,17,8.00
Toyota,7900.00,sedan,170,3.00,Petrol,yes,2004,Camry,22,7.39
Mercedes-Benz,43900.00,crossover,89,3.00,Diesel,yes,2012,ML 350,14,5.93
Volkswagen,8800.00,van,145,2.00,Gas,yes,2011,Caddy,15,9.06
Volkswagen,1899.00,hatch,300,1.60,Gas,yes,1984,Golf II,42,6.98
Volkswagen,8400.00,sedan,230,1.80,Gas,yes,2003,Passat B5,23,9.58
Volkswagen,25200.00,crossover,78,2.00,Diesel,yes,2012,Tiguan,14,5.20
Renault,12499.00,van,78,2.00,Diesel,yes,2012,Trafic,14,5.20
Volkswagen,5300.00,van,440,2.40,Diesel,yes,1995,T4 (Transporter),31,13.75
Volkswagen,8900.00,van,167,2.00,Gas,yes,2011,Caddy,15,10.44
Mercedes-Benz,2500.00,vagon,122,2.30,Petrol,yes,1987,230,39,3.05
Volkswagen,15900.00,vagon,1,2.00,Diesel,yes,2012,T6 (Transporter) ,14,0.07
BMW,20000.00,sedan,230,6.00,Petrol,yes,2008,760,18,12.11
BMW,69999.00,crossover,0,2.50,Diesel,yes,2016,X5,10,0.00
Volkswagen,10000.00,sedan,98,1.60,Petrol,yes,2013,Polo,13,7.00
Mercedes-Benz,9500.00,other,440,2.20,Diesel,yes,2005,Sprinter 313,21,20.00
Renault,12179.00,vagon,95,1.50,Diesel,yes,2012,Megane,14,6.33
Toyota,20900.00,crossover,69,2.70,Petrol,yes,2008,Land Cruiser Prado,18,3.63
BMW,7400.00,sedan,277,3.50,Gas,yes,1998,535,28,9.55
Audi,18300.00,sedan,125,2.00,Diesel,yes,2009,A6,17,6.94
Mercedes-Benz,2650.00,sedan,30,2.30,Gas,yes,1985,230,41,0.71
BMW,2500.00,sedan,242,3.00,Diesel,no,2001,530,25,9.31
Audi,52999.00,crossover,112,4.20,Diesel,yes,2008,Q7,18,5.89
Audi,1750.00,vagon,330,1.90,Diesel,no,1996,A4,30,10.65
Volkswagen,2200.00,hatch,260,1.80,Gas,yes,1987,Golf II,39,6.50
Renault,6000.00,vagon,225,1.50,Diesel,yes,2004,Megane,22,9.78
BMW,40000.00,crossover,48,4.40,Petrol,yes,2009,X6,17,2.67
Mercedes-Benz,103333.00,crossover,0,3.00,Diesel,yes,2016,GLE-Class,10,0.00
Mercedes-Benz,14800.00,sedan,218,3.20,Diesel,yes,2004,S 320,22,9.48
BMW,28000.00,crossover,116,,Petrol,yes,2008,X5,18,6.11
Mercedes-Benz,12900.00,hatch,130,2.00,Petrol,yes,2007,B 200,19,6.50
Volkswagen,21900.00,crossover,136,3.00,Diesel,yes,2008,Touareg,18,7.16
BMW,5300.00,sedan,204,1.80,Petrol,yes,1993,318,33,6.00
Mitsubishi,1599.00,sedan,156,1.80,Petrol,yes,1989,Galant,37,4.11
BMW,2300.00,sedan,189,1.80,Petrol,no,2002,318,24,7.56
Renault,7200.00,sedan,69,1.40,Petrol,yes,2012,Symbol,14,4.60
BMW,104999.00,crossover,2,3.00,Diesel,yes,2016,X5,10,0.18
Mercedes-Benz,126902.16,crossover,0,5.50,Petrol,yes,2016,GLS 63,10,0.00
Mitsubishi,11300.00,crossover,209,3.50,Petrol,yes,1999,Pajero Wagon,27,7.46
Toyota,12800.00,sedan,123,3.50,Petrol,yes,2007,Camry,19,6.15
Audi,46000.00,sedan,170,4.20,Diesel,yes,2011,A8,15,10.62
BMW,2500.00,sedan,290,2.00,Diesel,no,1999,320,27,10.36
Mercedes-Benz,93555.00,crossover,0,,Other,yes,2016,GLS 350,10,0.00
Volkswagen,22500.00,other,200,2.00,Petrol,yes,2011,Scirocco,15,12.50
Toyota,36700.00,crossover,43,3.00,Diesel,yes,2012,Land Cruiser Prado,14,2.87
BMW,25500.00,crossover,130,3.00,Gas,yes,2007,X5,19,6.50
Volkswagen,9300.00,van,220,2.50,Diesel,yes,2003,T4 (Transporter),23,9.17
Mercedes-Benz,11299.00,van,1,2.20,Other,yes,2006,Vito,20,0.05
Toyota,12900.00,hatch,37,1.40,Petrol,yes,2013,Auris,13,2.64
Toyota,23600.00,sedan,105,2.50,Gas,yes,2012,Camry,14,7.00
Toyota,21900.00,crossover,110,4.00,Gas,yes,2006,FJ Cruiser,20,5.24
Renault,4350.00,van,198,1.50,Diesel,yes,2004,Kangoo,22,8.61
Audi,3100.00,vagon,210,2.50,Diesel,no,2000,A6,26,7.78
BMW,7400.00,sedan,290,3.00,Petrol,yes,2000,330,26,10.74
Volkswagen,10999.00,van,95,1.60,Diesel,yes,2012,Caddy,14,6.33
Mitsubishi,18700.00,crossover,52,2.00,Petrol,yes,2013,Outlander XL,13,3.71
Mercedes-Benz,18200.00,sedan,103,2.00,Gas,yes,2007,C-Class,19,5.15
Mercedes-Benz,12500.00,sedan,230,5.00,Petrol,yes,2002,E-Class,24,9.20
Mercedes-Benz,12900.00,hatch,150,2.00,Diesel,yes,2008,B 180,18,7.89
Volkswagen,12500.00,sedan,161,2.00,Petrol,yes,2006,Passat B6,20,7.67
Toyota,25500.00,sedan,58,2.50,Petrol,yes,2015,Camry,11,4.83
Volkswagen,55555.00,van,50,2.00,Diesel,yes,2013,Multivan,13,3.57
BMW,12799.00,sedan,181,2.20,Gas,yes,2004,520,22,7.87
Volkswagen,6300.00,crossover,213,2.50,Diesel,no,2004,Touareg,22,9.26
Volkswagen,8800.00,hatch,168,1.20,Diesel,yes,2013,Polo,13,12.00
Volkswagen,30000.00,van,135,2.00,Diesel,yes,2011,Multivan,15,8.44
Renault,5000.00,vagon,150,,Other,yes,2006,Kangoo,20,7.14
Volkswagen,15880.00,vagon,139,1.40,Gas,yes,2011,Passat B7,15,8.69
Audi,8150.00,sedan,162,2.00,Petrol,yes,2004,A4,22,7.04
Renault,3400.00,hatch,77,1.80,Other,yes,1994,Laguna,32,2.33
Volkswagen,6500.00,van,185,,Diesel,yes,2006,Caddy,20,8.81
Toyota,13000.00,hatch,42,1.30,Petrol,yes,2013,Auris,13,3.00
Volkswagen,51900.00,crossover,30,3.00,Diesel,yes,2015,Touareg,11,2.50
Toyota,37700.00,crossover,62,3.00,Diesel,yes,2013,Land Cruiser Prado,13,4.43
Audi,6700.00,sedan,440,2.00,Diesel,yes,1997,A6,29,14.67
BMW,11700.00,sedan,270,3.00,Diesel,yes,2003,530,23,11.25
Mercedes-Benz,13000.00,other,440,2.20,Diesel,yes,2005,Sprinter 313,21,20.00
Mercedes-Benz,62999.00,crossover,0,2.20,Diesel,yes,2016,GLC-Class,10,0.00
Renault,13321.33,crossover,0,1.50,Diesel,yes,2016,Sandero StepWay,10,0.00
BMW,115800.00,crossover,4,3.00,Diesel,yes,2016,X5 M,10,0.36
Mercedes-Benz,27300.00,crossover,185,3.00,Diesel,yes,2008,GL 320,18,9.74
Toyota,64000.00,crossover,128,4.50,Diesel,yes,2013,Land Cruiser 200,13,9.14
Volkswagen,10000.00,sedan,90,6.15,Petrol,no,2010,Passat B6,16,5.29
BMW,126902.16,sedan,2,5.00,Petrol,yes,2016,750,10,0.18
Mitsubishi,11900.00,crossover,129,2.50,Diesel,yes,2007,Pajero Sport,19,6.45
BMW,47500.00,sedan,0,2.00,Diesel,yes,2016,320,10,0.00
BMW,12800.00,sedan,140,2.20,Petrol,yes,2005,520,21,6.36
Mercedes-Benz,3900.00,sedan,375,2.00,Petrol,yes,1990,190,36,10.14
Volkswagen,12650.00,hatch,11,1.20,Petrol,yes,2014,Up,12,0.85
Volkswagen,5600.00,vagon,235,1.40,Petrol,yes,2000,Golf IV,26,8.70
Mercedes-Benz,19600.00,vagon,127,1.80,Diesel,yes,2013,B 180,13,9.07
Toyota,28900.00,sedan,15,2.50,Petrol,yes,2015,Camry,11,1.25
Volkswagen,10900.00,sedan,273,2.00,Petrol,yes,2006,Passat B6,20,13.00
Volkswagen,11500.00,sedan,169,1.80,Petrol,yes,2008,Passat B6,18,8.89
Mitsubishi,9950.00,crossover,275,3.50,Gas,yes,2000,Pajero Wagon,26,10.19
Mercedes-Benz,23800.00,sedan,195,2.20,Diesel,yes,2010,E-Class,16,11.47
Renault,8750.00,vagon,46,1.60,Petrol,yes,2012,Logan,14,3.07
Toyota,19900.00,sedan,28,1.60,Petrol,yes,2014,Corolla,12,2.15
Audi,6000.00,sedan,226,1.80,Petrol,yes,1995,A4,31,7.06
Volkswagen,12900.00,sedan,136,1.60,Diesel,yes,2010,Passat B6,16,8.00
BMW,8999.00,sedan,221,4.50,Petrol,yes,2002,745,24,8.84
Volkswagen,8700.00,van,244,2.50,Diesel,yes,2001,T4 (Transporter),25,9.38
Toyota,19800.00,crossover,44,2.00,Petrol,yes,2013,Rav 4,13,3.14
Volkswagen,9000.00,sedan,51,1.60,Petrol,yes,2013,Polo,13,3.64
Volkswagen,21000.00,vagon,58,2.00,Diesel,yes,2013,Passat B7,13,4.14
Audi,2100.00,vagon,275,2.50,Diesel,no,1998,A4,28,9.48
Mercedes-Benz,5000.00,van,400,2.30,Diesel,yes,1998,Vito,28,13.79
Toyota,9500.00,other,90,1.60,Other,yes,2008,Corolla,18,4.74
Volkswagen,34500.00,van,167,2.00,Diesel,yes,2013,Multivan,13,11.93
Toyota,9800.00,hatch,98,1.60,Gas,yes,2008,Auris,18,5.16
Audi,10399.00,sedan,293,1.80,Gas,yes,2004,A4,22,12.74
Mercedes-Benz,42000.00,sedan,38,2.20,Diesel,yes,2014,CLA 220,12,2.92
Audi,14500.00,hatch,60,1.20,Petrol,yes,2011,A1,15,3.75
Toyota,13621.43,sedan,0,1.30,Petrol,yes,2015,Corolla,11,0.00
BMW,3300.00,sedan,250,3.00,Diesel,no,2000,530,26,9.26
Volkswagen,34899.14,vagon,0,2.00,Petrol,yes,2016,Passat B8,10,0.00
Mercedes-Benz,4500.00,van,180,2.30,Diesel,yes,1998,Vito,28,6.21
Volkswagen,1800.00,vagon,280,1.90,Diesel,yes,1996,Golf III,30,9.03
Mitsubishi,12999.00,crossover,140,2.40,Gas,yes,2007,Outlander XL,19,7.00
Volkswagen,8800.00,van,240,1.90,Diesel,yes,2003,T5 (Transporter),23,10.00
Audi,22000.00,crossover,152,4.20,Petrol,yes,2007,Q7,19,7.60
Mercedes-Benz,126902.16,other,0,3.00,Petrol,yes,2016,S 400,10,0.00
Toyota,35555.00,crossover,40,3.50,Petrol,yes,2013,Highlander,13,2.86
Volkswagen,2600.00,sedan,330,1.90,Petrol,no,1999,Passat B5,27,11.79
Volkswagen,11818.95,sedan,1,1.60,Petrol,yes,2014,Polo,12,0.08
Renault,8000.00,van,207,1.90,Diesel,yes,2003,Trafic,23,8.62
Audi,52055.25,crossover,0,2.00,Diesel,yes,2016,Q5,10,0.00
Audi,5300.00,other,182,2.50,Diesel,no,2002,A4,24,7.28
Renault,1800.00,van,123,1.90,Diesel,yes,2004,Kangoo,22,5.35
Volkswagen,8500.00,van,216,1.90,Diesel,yes,2005,Caddy,21,9.82
Mercedes-Benz,99999.00,crossover,30,5.00,Petrol,yes,2013,G 500,13,2.14
Toyota,23000.00,crossover,233,4.00,Gas,yes,2006,Land Cruiser Prado,20,11.10
Audi,11900.00,sedan,131,2.00,Petrol,yes,2007,A4,19,6.55
Mercedes-Benz,6999.00,sedan,200,2.60,Gas,yes,2001,C-Class,25,7.69
Toyota,9999.00,sedan,345,3.00,Gas,yes,2005,Camry,21,15.68
Audi,8999.00,vagon,200,2.70,Petrol,yes,2003,A6 Allroad,23,8.33
Renault,10800.00,other,206,2.00,Diesel,yes,2008,Trafic,18,10.84
Mercedes-Benz,7777.00,other,230,2.80,Petrol,yes,1980,E-Class,46,4.89
Mercedes-Benz,11500.00,van,200,2.20,Diesel,yes,2010,Vito,16,11.76
Mitsubishi,2300.00,sedan,420,1.80,Petrol,yes,1991,Galant,35,11.67
Audi,2000.00,vagon,310,2.50,Other,no,1998,A6,28,10.69
Volkswagen,28900.00,crossover,1,2.00,Petrol,yes,2016,Tiguan,10,0.09
Mercedes-Benz,7700.00,sedan,285,3.00,Diesel,yes,1999,E-Class,27,10.18
Renault,20996.24,crossover,0,1.50,Diesel,yes,2016,Captur,10,0.00
Toyota,8600.00,sedan,126,1.60,Petrol,yes,2008,Corolla,18,6.63
Toyota,11000.00,sedan,156,1.80,Petrol,yes,2008,Avensis,18,8.21
Volkswagen,11200.00,sedan,260,3.20,Petrol,yes,2006,Passat B6,20,12.38
BMW,5000.00,sedan,270,3.00,Diesel,yes,2000,530,26,10.00
BMW,14900.00,vagon,221,2.00,Diesel,yes,2008,520,18,11.63
Mercedes-Benz,9500.00,other,280,2.90,Diesel,yes,1998,Sprinter 312,28,9.66
Volkswagen,7700.00,sedan,220,2.80,Petrol,yes,2004,Passat B5,22,9.57
Toyota,14699.00,sedan,155,,Petrol,yes,2006,Camry,20,7.38
Toyota,21900.00,sedan,88,2.50,Petrol,yes,2012,Camry,14,5.87
BMW,77500.00,crossover,1,3.00,Petrol,yes,2016,X6,10,0.09
Mercedes-Benz,8000.00,other,245,2.20,Diesel,yes,2004,Vito,22,10.65
Mercedes-Benz,2199.00,van,396,2.20,Diesel,no,2000,Vito,26,14.67
Mercedes-Benz,41900.00,sedan,95,6.15,Petrol,yes,2011,S 63 AMG,15,5.94
Mitsubishi,9000.00,sedan,158,,Other,yes,2007,Lancer,19,7.90
Mercedes-Benz,20300.00,sedan,198,1.80,Gas,yes,2011,E-Class,15,12.38
Toyota,14300.00,sedan,71,2.40,Petrol,yes,2008,Camry,18,3.74
Mercedes-Benz,83000.00,crossover,70,3.00,Diesel,yes,2013,GL 350,13,5.00
BMW,6500.00,sedan,311,2.00,Gas,yes,1998,520,28,10.72
Mercedes-Benz,8500.00,van,281,2.20,Diesel,yes,2004,Vito,22,12.22
Renault,5400.00,vagon,181,1.50,Diesel,no,2010,Megane,16,10.65
Toyota,16800.00,crossover,238,4.00,Gas,yes,2004,Land Cruiser Prado,22,10.35
Toyota,22900.00,crossover,34,2.00,Petrol,yes,2012,Rav 4,14,2.27
Mercedes-Benz,21300.00,crossover,143,3.20,Diesel,yes,2007,ML 320,19,7.15
BMW,16999.00,other,90,2.50,Petrol,yes,2008,325,18,4.74
Volkswagen,15700.00,sedan,110,1.80,Petrol,yes,2011,Passat B7,15,6.88
Mercedes-Benz,5300.00,van,244,2.20,Diesel,yes,2000,Vito,26,9.04
Mercedes-Benz,16500.00,sedan,280,3.70,Petrol,yes,2004,S 350,22,12.17
BMW,8999.00,sedan,250,1.90,Petrol,yes,2001,316,25,9.62
Toyota,14850.00,hatch,51,1.60,Petrol,yes,2013,Auris,13,3.64
BMW,24100.00,vagon,112,3.00,Petrol,yes,2011,X1,15,7.00
BMW,66500.00,crossover,1,2.00,Diesel,yes,2016,X5,10,0.09
BMW,24500.00,crossover,195,4.80,Petrol,yes,2007,X5,19,9.75
Toyota,23499.00,crossover,174,4.00,Gas,yes,2008,Land Cruiser Prado,18,9.16
Volkswagen,14500.00,vagon,229,2.00,Diesel,yes,2009,Passat B6,17,12.72
Renault,13300.95,vagon,0,1.50,Diesel,yes,2016,Logan,10,0.00
Audi,1852.50,sedan,150,1.80,Petrol,yes,1985,80,41,3.57
Mitsubishi,8777.00,sedan,180,6.15,Petrol,yes,2007,Lancer X,19,9.00
BMW,8500.00,sedan,245,2.20,Petrol,yes,2002,523,24,9.80
Mercedes-Benz,21500.00,sedan,146,1.80,Gas,yes,2012,E-Class,14,9.73
Volkswagen,10000.00,sedan,174,2.00,Petrol,yes,2005,Passat B6,21,7.91
Mercedes-Benz,4500.00,other,356,2.30,Petrol,yes,1991,230,35,9.89
Volkswagen,21900.00,van,166,2.00,Diesel,yes,2011,T6 (Transporter),15,10.38
Mercedes-Benz,102800.00,van,0,2.20,Diesel,yes,2016,V 250,10,0.00
Renault,7750.00,van,70,1.50,Diesel,yes,2014,Kangoo,12,5.38
Volkswagen,9750.00,van,253,1.90,Diesel,yes,2010,Caddy,16,14.88
Toyota,10500.00,sedan,82,,Petrol,yes,2010,Corolla,16,4.82
Renault,3100.00,vagon,150,1.90,Diesel,no,2003,Laguna,23,6.25
BMW,1900.00,sedan,200,1.80,Gas,no,1994,318,32,6.06
BMW,14300.00,sedan,217,3.00,Diesel,yes,2005,530,21,9.86
Renault,4300.00,van,1,1.50,Diesel,yes,2003,Kangoo,23,0.04
Audi,17000.00,crossover,127,3.00,Diesel,no,2013,Q7,13,9.07
Toyota,17999.00,crossover,35,2.00,Petrol,yes,2009,Rav 4,17,1.94
Mercedes-Benz,99000.00,crossover,0,3.00,Diesel,yes,2016,GLS 350,10,0.00
Audi,3100.00,hatch,114,1.60,Petrol,no,2001,A3,25,4.38
Mitsubishi,6999.00,sedan,113,1.50,Petrol,yes,2007,Lancer X,19,5.65
Toyota,13900.00,sedan,102,3.50,Gas,yes,2008,Camry,18,5.37
Mercedes-Benz,68500.00,crossover,68,3.00,Diesel,yes,2014,GL 350,12,5.23
Mercedes-Benz,11800.00,van,148,2.20,Diesel,yes,2010,Vito,16,8.71
Mercedes-Benz,115555.00,crossover,39,3.00,Diesel,yes,2015,G 350,11,3.25
Audi,21000.00,sedan,210,4.20,Petrol,yes,2009,A8,17,11.67
Mercedes-Benz,3150.00,vagon,220,1.70,Other,no,2001,A 170,25,8.46
Audi,1950.00,vagon,300,1.80,Petrol,no,1999,A4,27,10.71
Mitsubishi,12500.00,crossover,120,2.50,Diesel,yes,2007,Pajero Sport,19,6.00
Mitsubishi,5999.00,van,258,,Diesel,yes,1999,L 400,27,9.21
Volkswagen,3100.00,sedan,232,1.90,Diesel,no,2001,Passat B5,25,8.92
Toyota,19800.00,crossover,252,4.20,Diesel,yes,2002,Land Cruiser 100,24,10.08
Audi,4200.00,sedan,236,2.50,Diesel,no,2003,A6,23,9.83
Audi,2100.00,vagon,230,1.90,Diesel,no,2000,A4,26,8.52
BMW,32500.00,vagon,162,3.00,Diesel,yes,2012,530,14,10.80
Audi,15500.00,vagon,180,2.00,Diesel,yes,2007,A6,19,9.00
Mercedes-Benz,11500.00,sedan,224,2.60,Gas,yes,2003,E-Class,23,9.33
Audi,3000.00,sedan,265,1.80,Petrol,yes,1988,80,38,6.79
BMW,4550.00,sedan,200,2.80,Petrol,no,1997,528,29,6.67
BMW,18777.00,sedan,134,4.40,Petrol,yes,2005,545,21,6.09
Audi,19700.00,crossover,172,3.60,Petrol,yes,2007,Q7,19,8.60
Renault,10950.00,vagon,180,1.50,Diesel,yes,2011,Megane,15,11.25
Volkswagen,9600.00,other,128,1.90,Diesel,yes,2010,Caddy,16,7.53
Renault,6700.00,hatch,96,1.40,Petrol,yes,2010,Sandero,16,5.65
Audi,2411.00,sedan,240,1.60,Other,yes,1987,80,39,6.00
BMW,23500.00,crossover,74,2.00,Petrol,yes,2010,X1,16,4.35
Volkswagen,9000.00,sedan,59,2.00,Petrol,no,2010,Passat B6,16,3.47
Volkswagen,38764.00,sedan,0,2.00,Diesel,yes,2014,Passat CC,12,0.00
Volkswagen,5500.00,van,380,2.40,Diesel,yes,1999,T4 (Transporter) ,27,13.57
Mercedes-Benz,11800.00,sedan,150,2.20,Diesel,yes,2004,E-Class,22,6.52
Toyota,52500.00,crossover,43,3.00,Other,yes,2014,Land Cruiser Prado,12,3.31
Audi,31500.00,sedan,80,2.00,Petrol,yes,2013,A6,13,5.71
Volkswagen,22800.00,other,161,2.00,Diesel,yes,2011,Amarok,15,10.06
BMW,21000.00,other,130,2.50,Petrol,yes,2006,325,20,6.19
Mercedes-Benz,9200.00,sedan,172,2.80,Petrol,yes,1997,E-Class,29,5.73
Mercedes-Benz,9900.00,sedan,320,2.70,Diesel,yes,2001,E-Class,25,12.31
Volkswagen,1585.28,sedan,265,1.80,Petrol,yes,1988,Jetta,38,6.79
BMW,2850.00,sedan,386,5.00,Gas,yes,1988,750,38,9.90
Volkswagen,19999.00,other,48,2.00,Diesel,yes,2012,Eos,14,3.20
BMW,7000.00,sedan,338,,Petrol,yes,1997,728,29,11.27
Volkswagen,11250.00,other,159,1.40,Petrol,yes,2010,Golf VI,16,9.35
Mitsubishi,46000.00,crossover,0,2.40,Diesel,yes,2016,Pajero Sport,10,0.00
Volkswagen,18300.00,van,1,2.20,Diesel,yes,2013,T5 (Transporter) ,13,0.07
BMW,42900.00,sedan,2,2.00,Petrol,yes,2016,520,10,0.18
BMW,18400.00,crossover,256,3.00,Diesel,yes,2006,X5,20,12.19
BMW,12900.00,sedan,121,2.00,Petrol,yes,2007,318,19,6.05
Toyota,37600.00,crossover,126,4.70,Petrol,yes,2008,Land Cruiser 200,18,6.63
BMW,46000.00,sedan,5,2.00,Petrol,yes,2016,520,10,0.45
Volkswagen,3200.00,other,440,1.90,Diesel,yes,1999,Caddy,27,15.71
BMW,6500.00,vagon,377,2.00,Gas,yes,1998,520,28,13.00
Volkswagen,55555.00,van,53,2.00,Diesel,yes,2013,Multivan,13,3.79
Mitsubishi,6900.00,sedan,190,1.60,Gas,yes,2007,Lancer,19,9.50
Mercedes-Benz,104000.00,crossover,16,5.50,Petrol,yes,2015,ML 63 AMG,11,1.33
Mitsubishi,5200.00,van,200,1.60,Petrol,yes,2003,Space Star,23,8.33
Mitsubishi,8400.00,sedan,147,2.00,Petrol,yes,2007,Lancer,19,7.35
Volkswagen,1585.28,hatch,200,1.80,Gas,no,1992,Golf III,34,5.71
Volkswagen,13700.00,other,103,2.00,Diesel,yes,2013,T5 (Transporter) ,13,7.36
Toyota,18950.00,sedan,45,1.80,Petrol,yes,2014,Avensis,12,3.46
Mercedes-Benz,13000.00,other,247,2.20,Diesel,yes,2012,Sprinter 313,14,16.47
Mitsubishi,19800.00,crossover,67,2.00,Gas,yes,2013,Outlander,13,4.79
Mercedes-Benz,22500.00,sedan,213,2.20,Diesel,yes,2012,E-Class,14,14.20
BMW,19500.00,sedan,190,6.00,Petrol,yes,2004,760,22,8.26
Mercedes-Benz,6100.00,sedan,300,3.20,Diesel,no,2004,E-Class,22,13.04
Volkswagen,19000.00,sedan,109,1.80,Petrol,yes,2012,Passat B7,14,7.27
Mercedes-Benz,3799.00,van,350,2.20,Diesel,yes,2000,Vito,26,12.96
BMW,8900.00,sedan,250,2.50,Diesel,yes,2001,525,25,9.62
Volkswagen,8000.00,van,350,1.90,Diesel,yes,2004,T5 (Transporter),22,15.22
BMW,4500.00,sedan,300,3.00,Diesel,yes,2000,330,26,11.11
Volkswagen,2600.00,van,10,2.40,Diesel,yes,1988,LT,38,0.26
Mercedes-Benz,31669.00,hatch,2,,Other,yes,2015,B-Class Electric Drive,11,0.17
BMW,4300.00,sedan,240,2.50,Diesel,no,2002,525,24,9.60
Mercedes-Benz,82555.00,crossover,69,3.00,Diesel,yes,2014,GL 350,12,5.31
BMW,31000.00,vagon,15,,Other,yes,2015,I3,11,1.25
Renault,10000.00,other,214,2.50,Diesel,yes,2008,Master,18,11.26
Audi,56000.00,crossover,44,3.00,Diesel,yes,2014,Q7,12,3.38
BMW,21700.00,sedan,259,3.00,Diesel,yes,2007,730,19,12.95
BMW,89999.00,crossover,17,4.40,Petrol,yes,2015,X6 M,11,1.42
Mitsubishi,9200.00,sedan,92,2.00,Petrol,yes,2010,Lancer X,16,5.41
Audi,21700.00,sedan,167,3.00,Petrol,yes,2009,A6,17,9.28
Mercedes-Benz,27300.00,crossover,149,5.46,Petrol,yes,2009,ML 550,17,8.28
Volkswagen,15200.00,van,132,2.50,Diesel,yes,2009,T5 (Transporter),17,7.33
Volkswagen,9800.00,van,86,1.20,Petrol,yes,2013,Caddy,13,6.14
Mercedes-Benz,14500.00,vagon,178,3.00,Diesel,yes,2006,E-Class,20,8.48
Renault,7800.00,vagon,120,1.50,Diesel,yes,2008,Megane,18,6.32
Mercedes-Benz,15250.00,sedan,210,2.20,Diesel,yes,2006,E-Class,20,10.00
Audi,13500.00,sedan,196,2.40,Petrol,yes,2005,A6,21,8.91
Audi,23333.00,other,150,4.20,Petrol,yes,2007,Q7,19,7.50
Mercedes-Benz,18800.00,other,90,1.80,Petrol,yes,2008,CLC 180,18,4.74
Mitsubishi,6700.00,sedan,193,1.60,Petrol,yes,2005,Lancer,21,8.77
Toyota,8200.00,crossover,212,2.00,Gas,yes,2003,Rav 4,23,8.83
Volkswagen,1650.00,sedan,210,1.80,Petrol,no,1998,Passat B4,28,7.24
Audi,49500.00,crossover,44,3.00,Diesel,yes,2013,Q7,13,3.14
Volkswagen,22900.00,sedan,48,2.00,Petrol,yes,2013,Jetta,13,3.43
Volkswagen,10300.00,hatch,110,1.90,Diesel,yes,2008,Caddy,18,5.79
Toyota,12500.00,sedan,175,2.40,Petrol,yes,2007,Camry,19,8.75
Mitsubishi,6800.00,sedan,170,1.60,Petrol,yes,2004,Lancer,22,7.39
BMW,33500.00,sedan,1,1.50,Petrol,yes,2015,318,11,0.08
Toyota,20711.25,vagon,0,1.60,Petrol,yes,2016,Auris,10,0.00
Volkswagen,1585.28,sedan,220,2.00,Gas,no,1995,Passat B4,31,6.88
Volkswagen,18900.00,hatch,56,2.00,Petrol,yes,2012,Golf GTI,14,3.73
BMW,67500.00,crossover,1,2.00,Diesel,yes,2016,X5,10,0.09
BMW,52000.00,crossover,7,2.00,Diesel,yes,2015,X1,11,0.58
Volkswagen,17777.00,van,250,2.00,Diesel,yes,2010,T5 (Transporter),16,14.71
Toyota,33333.00,vagon,73,4.00,Gas,yes,2009,FJ Cruiser,17,4.06
Mercedes-Benz,3200.00,sedan,390,2.30,Gas,yes,1985,E-Class,41,9.29
Audi,88888.00,crossover,0,3.00,Diesel,yes,2015,Q7,11,0.00
Renault,7450.00,other,208,1.90,Other,yes,2004,Trafic,22,9.04
Mercedes-Benz,31990.00,crossover,95,4.70,Petrol,yes,2010,GL 450,16,5.59
BMW,14200.00,sedan,263,3.00,Petrol,yes,2004,530,22,11.43
Renault,6300.00,vagon,202,1.50,Diesel,yes,2005,Scenic,21,9.18
Renault,4350.00,van,188,1.50,Diesel,yes,2004,Kangoo,22,8.17
Renault,11100.00,vagon,155,1.50,Diesel,yes,2012,Megane,14,10.33
Volkswagen,6300.00,vagon,132,2.80,Gas,yes,1995,Passat B4,31,4.12
Renault,3300.00,van,256,1.50,Diesel,yes,2005,Kangoo,21,11.64
Mercedes-Benz,7450.00,sedan,300,2.00,Gas,yes,2000,C-Class,26,11.11
Mitsubishi,1850.00,sedan,145,1.60,Petrol,no,1997,Carisma,29,4.83
Mercedes-Benz,14000.00,other,360,2.20,Diesel,yes,2005,Sprinter 313,21,16.36
Renault,12850.00,other,226,2.30,Diesel,yes,2012,Master,14,15.07
Toyota,18300.00,hatch,30,1.60,Petrol,yes,2014,Auris,12,2.31
Volkswagen,14700.00,sedan,97,1.40,Gas,yes,2012,Passat B7,14,6.47
Volkswagen,3000.00,sedan,250,2.80,Gas,no,2002,Passat B5,24,10.00
Mercedes-Benz,12999.00,sedan,247,4.00,Diesel,yes,2003,S 400,23,10.29
Mercedes-Benz,11850.00,van,177,2.20,Diesel,yes,2011,Vito,15,11.06
Volkswagen,19500.00,sedan,128,1.80,Petrol,yes,2013,Passat B7,13,9.14
Mercedes-Benz,20200.00,sedan,69,2.00,Petrol,yes,2010,E-Class,16,4.06
Renault,5899.00,vagon,189,,Diesel,no,2012,Megane,14,12.60
Volkswagen,12000.00,sedan,186,3.20,Petrol,yes,2006,Passat B6,20,8.86
Mercedes-Benz,17800.00,van,162,1.80,Diesel,yes,2012,B 180,14,10.80
Toyota,16800.00,crossover,154,2.70,Petrol,yes,2005,Land Cruiser Prado,21,7.00
Mercedes-Benz,10600.00,van,250,2.20,Diesel,yes,2006,Sprinter 313,20,11.90
Mercedes-Benz,114999.00,crossover,0,3.00,Diesel,yes,2016,GLS 350,10,0.00
Renault,4700.00,hatch,124,1.50,Diesel,yes,2003,Kangoo,23,5.17
Mercedes-Benz,20000.00,crossover,251,5.00,Gas,yes,2002,ML 500,24,10.04
Mercedes-Benz,104999.00,crossover,1,3.00,Diesel,yes,2016,GLE-Class,10,0.09
Mercedes-Benz,9000.00,sedan,198,4.00,Diesel,yes,2002,S 400,24,7.92
BMW,36300.00,crossover,83,3.50,Petrol,yes,2010,X6,16,4.88
Toyota,19400.00,crossover,88,2.00,Petrol,yes,2011,Rav 4,15,5.50
Mercedes-Benz,7700.00,sedan,230,2.00,Petrol,yes,2001,C-Class,25,8.85
Mitsubishi,17500.00,other,69,2.50,Diesel,yes,2011,L 200,15,4.31
BMW,31000.00,sedan,100,2.00,Petrol,yes,2012,520,14,6.67
Toyota,33715.50,crossover,1,2.70,Petrol,yes,2015,Land Cruiser Prado,11,0.08
BMW,13500.00,sedan,233,3.00,Diesel,yes,2003,530,23,9.71
Renault,4900.00,van,150,2.00,Diesel,yes,2007,Trafic,19,7.50
Mercedes-Benz,7700.00,sedan,340,2.20,Diesel,yes,2002,Vito,24,13.60
Renault,10900.00,vagon,175,1.50,Diesel,yes,2012,Megane,14,11.67
BMW,2200.00,sedan,303,2.50,Diesel,no,1999,525,27,10.82
BMW,7200.00,sedan,270,3.00,Diesel,no,2004,530,22,11.74
BMW,20500.00,other,114,,Other,yes,2008,325,18,6.00
Toyota,9150.00,hatch,87,1.60,Petrol,yes,2008,Auris,18,4.58
BMW,5900.00,sedan,10,2.80,Petrol,yes,1989,328,37,0.26
Mitsubishi,4800.00,hatch,206,1.60,Gas,yes,2001,Carisma,25,7.92
Volkswagen,1585.28,vagon,200,1.80,Gas,yes,1996,Passat B4,30,6.45
Volkswagen,9500.00,hatch,62,1.20,Diesel,yes,2011,Polo,15,3.88
Mercedes-Benz,3500.00,van,395,2.30,Diesel,no,1997,Vito,29,13.17
Volkswagen,3650.00,sedan,300,1.80,Petrol,yes,1996,Vento,30,9.68
Mercedes-Benz,63000.00,crossover,160,3.00,Diesel,yes,2013,GL 350,13,11.43
Volkswagen,6600.00,van,240,1.90,Diesel,yes,2008,Caddy,18,12.63
Toyota,36000.00,crossover,440,,Other,yes,2009,Land Cruiser 200,17,24.44
Toyota,10200.00,sedan,185,1.80,Petrol,yes,2007,Avensis,19,9.25
Volkswagen,19995.00,hatch,68,1.40,Petrol,yes,2013,Scirocco,13,4.86
Mitsubishi,9800.00,sedan,56,1.50,Petrol,yes,2011,Lancer X,15,3.50
Mercedes-Benz,11200.00,sedan,198,6.00,Petrol,yes,2004,S 600,22,8.61
Volkswagen,18000.00,crossover,117,2.50,Diesel,yes,2006,Touareg,20,5.57
Mitsubishi,28500.00,crossover,0,2.00,Petrol,yes,2016,Outlander,10,0.00
Mitsubishi,9800.00,sedan,81,2.00,Petrol,yes,2009,Lancer X,17,4.50
BMW,33000.00,sedan,60,,Petrol,yes,2012,328,14,4.00
Audi,3900.00,sedan,247,2.50,Diesel,no,2003,A6,23,10.29
Mitsubishi,22711.65,crossover,1,2.00,Petrol,yes,2016,Outlander,10,0.09
BMW,6500.00,sedan,298,2.50,Petrol,yes,1998,523,28,10.28
Volkswagen,4999.00,hatch,300,1.90,Diesel,yes,1999,Golf IV,27,10.71
Renault,9100.00,vagon,176,1.50,Diesel,yes,2011,Scenic,15,11.00
Mercedes-Benz,11000.00,sedan,319,2.20,Diesel,yes,2003,220,23,13.29
Volkswagen,7200.00,hatch,159,1.60,Petrol,yes,2007,Golf V,19,7.95
Mercedes-Benz,10900.00,van,191,2.20,Diesel,yes,2007,Vito,19,9.55
Volkswagen,35000.00,sedan,74,4.20,Gas,yes,2011,Phaeton,15,4.62
Mitsubishi,11500.00,sedan,134,2.40,Petrol,yes,2009,Galant,17,7.44
Mercedes-Benz,9999.00,van,154,2.20,Diesel,yes,2007,Vito,19,7.70
Renault,4400.00,other,220,1.50,Diesel,yes,2004,Kangoo,22,9.57
Mitsubishi,4000.00,hatch,367,1.60,Gas,yes,1997,Carisma,29,12.23
Audi,29999.00,other,90,3.00,Petrol,yes,2011,A5,15,5.62
Volkswagen,14800.00,van,65,1.60,Diesel,yes,2012,Caddy,14,4.33
Mitsubishi,5500.00,crossover,30,2.50,Diesel,yes,2014,Pajero Sport,12,2.31
BMW,39333.00,sedan,6,2.00,Petrol,yes,2016,520,10,0.55
Mitsubishi,17000.00,crossover,215,3.80,Petrol,yes,2006,Pajero Wagon,20,10.24
Toyota,20900.00,sedan,18,2.50,Other,yes,2013,Camry,13,1.29
BMW,15000.00,sedan,137,2.20,Petrol,yes,2004,520,22,5.96
Volkswagen,1850.00,other,200,1.60,Petrol,no,1999,Golf IV,27,7.14
Renault,6900.00,hatch,47,1.40,Petrol,yes,2012,Sandero,14,3.13
Volkswagen,11990.00,sedan,245,2.00,Diesel,yes,2007,Passat B6,19,12.25
Mercedes-Benz,41000.00,van,55,3.00,Diesel,yes,2011,Viano,15,3.44
BMW,42000.00,sedan,5,2.00,Petrol,yes,2016,520,10,0.45
Renault,7700.00,van,128,1.50,Diesel,yes,2012,Kangoo,14,8.53
Volkswagen,7750.00,van,265,1.90,Diesel,yes,2002,T4 (Transporter),24,10.60
Toyota,10100.00,other,83,1.60,Other,yes,2008,Corolla,18,4.37
Renault,7500.00,van,128,1.50,Diesel,yes,2009,Kangoo,17,7.11
BMW,2700.00,sedan,220,2.50,Petrol,no,2002,525,24,8.80
Mercedes-Benz,74900.00,other,32,6.15,Petrol,yes,2007,CL 63 AMG,19,1.60
Renault,1585.28,van,200,1.90,Diesel,no,1997,Scenic,29,6.67
Mitsubishi,17900.00,crossover,89,3.80,Gas,yes,2008,Pajero Wagon,18,4.68
Audi,29000.00,vagon,213,3.00,Diesel,yes,2010,A6 Allroad,16,12.53
BMW,17100.00,crossover,188,3.00,Diesel,yes,2004,X5,22,8.17
Volkswagen,33500.00,crossover,98,,Petrol,yes,2013,Touareg,13,7.00
Mercedes-Benz,1600.00,sedan,338,3.00,Diesel,no,1991,E-Class,35,9.39
Mercedes-Benz,11777.00,other,300,4.30,Gas,yes,2001,S 430,25,11.54
BMW,6699.00,sedan,299,2.20,Petrol,yes,2001,523,25,11.50
BMW,3900.00,vagon,240,3.00,Diesel,no,2001,530,25,9.23
Volkswagen,6500.00,sedan,212,1.60,Petrol,yes,2003,Bora,23,8.83
BMW,51500.00,hatch,77,3.00,Petrol,yes,2012,535,14,5.13
Renault,6500.00,vagon,186,1.50,Diesel,yes,2004,Megane,22,8.09
BMW,10800.00,other,191,2.20,Petrol,yes,2002,320,24,7.64
Audi,2450.00,vagon,240,2.50,Diesel,no,2000,A4,26,8.89
Toyota,28800.00,crossover,29,2.20,Diesel,yes,2015,Rav 4,11,2.42
Volkswagen,6900.00,crossover,258,2.50,Diesel,no,2004,Touareg,22,11.22
Toyota,47700.00,crossover,440,4.70,Gas,yes,2010,Land Cruiser 200,16,25.88
Volkswagen,12700.00,van,75,1.20,Petrol,yes,2012,Caddy,14,5.00
Toyota,7900.00,hatch,56,1.20,Gas,yes,2011,Aygo,15,3.50
BMW,18000.00,sedan,180,2.00,Other,no,2011,520,15,11.25
BMW,8899.00,sedan,170,2.20,Petrol,yes,2001,520,25,6.54
Mercedes-Benz,57000.00,other,0,1.60,Petrol,yes,2016,C-Class,10,0.00
Mercedes-Benz,2100.00,sedan,440,2.20,Diesel,yes,1995,210,31,13.75
Audi,10900.00,sedan,199,3.00,Petrol,yes,2004,A8,22,8.65
Toyota,42500.00,crossover,50,3.00,Diesel,yes,2012,Land Cruiser Prado,14,3.33
BMW,51900.00,crossover,106,3.00,Diesel,yes,2012,X6,14,7.07
Renault,3300.00,van,345,1.90,Diesel,yes,2001,Kangoo,25,13.27
Mercedes-Benz,126902.16,other,0,4.70,Petrol,yes,2016,S 500,10,0.00
Mercedes-Benz,16555.00,sedan,159,3.50,Gas,yes,2006,CLS 350,20,7.57
Mercedes-Benz,7000.00,van,197,2.20,Diesel,yes,2002,Vito,24,7.88
Mercedes-Benz,9300.00,sedan,342,2.60,Petrol,yes,2003,E-Class,23,14.25
Audi,11500.00,sedan,85,1.80,Petrol,yes,2007,A4,19,4.25
Mercedes-Benz,8000.00,crossover,314,6.15,Gas,yes,2000,ML 320,26,11.63
Toyota,16672.50,hatch,1,1.60,Petrol,yes,2016,Auris,10,0.09
Volkswagen,37990.00,crossover,140,3.00,Diesel,yes,2012,Touareg,14,9.33
Mercedes-Benz,2400.00,sedan,1,2.00,Petrol,no,2001,C-Class,25,0.04
Mercedes-Benz,126902.16,crossover,33,5.50,Petrol,yes,2013,G 63 AMG,13,2.36
Renault,7150.00,van,142,1.50,Diesel,yes,2012,Kangoo,14,9.47
Toyota,5000.00,crossover,289,2.00,Diesel,no,2003,Rav 4,23,12.04
Mercedes-Benz,7700.00,sedan,390,3.00,Diesel,no,2007,E-Class,19,19.50
Mercedes-Benz,28500.00,crossover,190,3.20,Diesel,yes,2008,ML 320,18,10.00
Toyota,61000.00,crossover,100,4.50,Diesel,yes,2013,Land Cruiser 200,13,7.14
Toyota,14700.00,vagon,98,2.00,Gas,yes,2008,Rav 4,18,5.16
Volkswagen,21900.00,sedan,107,3.00,Diesel,yes,2009,Phaeton,17,5.94
Audi,53700.00,crossover,67,3.00,Petrol,yes,2013,A6 Allroad,13,4.79
Volkswagen,19200.00,crossover,155,2.50,Diesel,yes,2008,Touareg,18,8.16
Audi,18700.00,sedan,136,2.00,Diesel,yes,2009,A6,17,7.56
Audi,9600.00,vagon,230,2.50,Diesel,yes,2004,A6,22,10.00
Volkswagen,10500.00,van,312,2.50,Diesel,yes,1998,Multivan,28,10.76
BMW,77777.00,sedan,8,4.40,Petrol,yes,2014,750,12,0.62
Volkswagen,18200.00,crossover,179,2.50,Diesel,yes,2007,Touareg,19,8.95
Audi,52000.00,other,124,3.00,Diesel,yes,2012,A8,14,8.27
BMW,13700.00,sedan,122,2.00,Petrol,yes,2007,318,19,6.10
BMW,15000.00,vagon,245,3.00,Gas,yes,2006,530,20,11.67
Mitsubishi,6400.00,sedan,127,1.60,Petrol,yes,2006,Lancer,20,6.05
Toyota,54000.00,crossover,147,4.50,Diesel,yes,2011,Land Cruiser 200,15,9.19
Toyota,23700.00,sedan,100,2.50,Gas,yes,2014,Camry,12,7.69
Volkswagen,13950.00,hatch,104,1.20,Petrol,yes,2012,Golf Plus,14,6.93
Toyota,23200.00,crossover,160,4.00,Petrol,yes,2008,Land Cruiser Prado,18,8.42
Audi,2750.00,sedan,440,2.50,Diesel,no,1999,A6,27,15.71
Audi,89999.00,crossover,0,3.00,Diesel,yes,2015,Q7,11,0.00
BMW,21700.00,crossover,125,3.00,Petrol,yes,2007,X5,19,6.25
Toyota,16500.00,crossover,328,4.20,Diesel,yes,1993,Land Cruiser 80,33,9.65
BMW,15000.00,crossover,85,4.80,Petrol,no,2010,X5,16,5.00
Mercedes-Benz,61500.00,crossover,16,3.00,Diesel,yes,2013,ML 350,13,1.14
BMW,1700.00,sedan,200,2.00,Diesel,no,2003,320,23,8.33
BMW,8500.00,sedan,352,2.17,Petrol,yes,2001,520,25,13.54
Toyota,9999.00,sedan,250,2.40,Petrol,yes,2003,Camry,23,10.42
Audi,3300.00,vagon,300,2.50,Diesel,no,1999,A6,27,10.71
Volkswagen,19900.00,other,112,2.00,Petrol,yes,2012,Passat CC,14,7.47
Renault,11300.00,vagon,160,1.50,Diesel,yes,2011,Laguna,15,10.00
Toyota,14900.00,sedan,149,3.50,Gas,yes,2008,Camry,18,7.84
Toyota,39000.00,crossover,88,4.50,Diesel,yes,2009,Land Cruiser 200,17,4.89
Mercedes-Benz,69900.00,sedan,76,6.00,Petrol,yes,2010,S 500,16,4.47
BMW,72900.00,crossover,16,3.00,Diesel,yes,2015,X6,11,1.33
Renault,10500.00,vagon,185,1.50,Diesel,yes,2011,Megane,15,11.56
Renault,13900.00,vagon,89,1.50,Diesel,yes,2013,Megane,13,6.36
Renault,6800.00,van,131,1.50,Diesel,yes,2013,Kangoo,13,9.36
Mercedes-Benz,8500.00,van,270,2.20,Diesel,yes,2004,Vito,22,11.74
Volkswagen,7600.00,van,158,2.00,Diesel,yes,2009,Caddy,17,8.78
Toyota,30950.00,other,45,4.60,Petrol,yes,2013,Tundra,13,3.21
Audi,3990.00,sedan,413,2.60,Gas,yes,1993,100,33,12.15
Audi,68500.00,sedan,44,6.15,Petrol,yes,2012,A8,14,2.93
Audi,33500.00,sedan,42,2.00,Petrol,yes,2013,A5,13,3.00
BMW,11500.00,sedan,193,4.40,Petrol,yes,2000,740,26,7.15
Toyota,24999.00,crossover,153,4.00,Petrol,yes,2007,Land Cruiser Prado,19,7.65
Audi,1850.00,sedan,250,2.50,Diesel,no,1999,A4,27,8.93
Mercedes-Benz,29500.00,crossover,55,2.20,Diesel,no,2013,ML 250,13,3.93
Mercedes-Benz,57000.00,sedan,43,4.70,Petrol,yes,2012,CLS 500,14,2.87
Audi,30900.00,hatch,195,3.00,Diesel,yes,2010,A5,16,11.47
Toyota,7000.00,crossover,150,2.00,Petrol,yes,2000,Rav 4,26,5.56
Volkswagen,8950.00,van,170,1.60,Diesel,yes,2013,Caddy,13,12.14
Mitsubishi,2500.00,crossover,1,2.50,Diesel,yes,2007,L 200,19,0.05
Renault,8350.00,other,141,1.50,Other,yes,2012,Megane,14,9.40
BMW,11400.00,sedan,206,3.00,Petrol,yes,2003,530,23,8.58
Renault,6200.00,van,322,,Diesel,yes,2001,Trafic,25,12.38
Volkswagen,2600.00,sedan,280,2.50,Diesel,no,2000,Passat B5,26,10.37
Mercedes-Benz,7450.00,sedan,219,2.00,Petrol,yes,2000,C-Class,26,8.11
Audi,9499.00,sedan,255,2.50,Diesel,yes,2002,A6,24,10.20
Toyota,14900.00,sedan,106,2.40,Petrol,yes,2008,Camry,18,5.58
Volkswagen,8200.00,van,265,2.50,Diesel,no,2007,Caravelle,19,13.25
Mercedes-Benz,12500.00,sedan,208,3.20,Diesel,yes,2004,S 320,22,9.04
Toyota,14500.00,sedan,127,2.40,Gas,yes,2008,Camry,18,6.68
BMW,41000.00,crossover,80,3.00,Petrol,yes,2012,X6,14,5.33
Volkswagen,12000.00,sedan,73,1.60,Gas,yes,2011,Polo,15,4.56
Mercedes-Benz,5600.00,sedan,230,2.70,Diesel,no,2005,E-Class,21,10.45
Mercedes-Benz,5200.00,other,220,3.20,Petrol,no,2004,CLK 320,22,9.57
BMW,2999.00,sedan,299,,Diesel,no,2000,530,26,11.07
Mitsubishi,9200.00,sedan,48,1.50,Petrol,yes,2008,Lancer X,18,2.53
Toyota,25999.00,other,108,4.00,Petrol,yes,2008,Land Cruiser Prado,18,5.68
BMW,6300.00,sedan,241,2.80,Gas,yes,1995,328,31,7.53
Mercedes-Benz,116500.00,sedan,25,3.00,Diesel,yes,2015,S 350,11,2.08
BMW,15500.00,sedan,216,2.00,Diesel,yes,2008,320,18,11.37
Toyota,17500.00,crossover,168,4.00,Gas,yes,2004,Land Cruiser Prado,22,7.30
Volkswagen,9999.00,sedan,182,1.60,Petrol,yes,2006,Jetta,20,8.67
BMW,34600.00,crossover,163,5.00,Petrol,yes,2011,X5 M,15,10.19
Renault,1585.28,hatch,160,2.00,Petrol,yes,1987,25,39,4.00
Mercedes-Benz,20500.00,sedan,222,5.50,Petrol,yes,2006,S 500,20,10.57
Renault,10900.00,van,138,2.00,Diesel,yes,2012,Trafic,14,9.20
Volkswagen,7800.00,hatch,230,1.60,Petrol,yes,2004,Golf V,22,10.00
Audi,3900.00,vagon,232,2.50,Diesel,no,2003,A6,23,9.67
Toyota,15500.00,crossover,120,2.00,Petrol,yes,2008,Rav 4,18,6.32
Audi,48000.00,crossover,126,3.00,Diesel,yes,2013,Q7,13,9.00
Mercedes-Benz,12800.00,van,193,2.20,Other,yes,2011,Vito,15,12.06
Toyota,14900.00,crossover,288,4.70,Gas,yes,2000,Land Cruiser 100,26,10.67
Mercedes-Benz,1990.00,hatch,230,1.70,Other,no,2001,A 170,25,8.85
Mitsubishi,9800.00,sedan,148,2.00,Gas,yes,2008,Lancer X,18,7.79
BMW,2200.00,sedan,440,2.40,Diesel,yes,1988,324,38,11.28
Mercedes-Benz,8700.00,sedan,290,2.70,Diesel,yes,1999,E-Class,27,10.36
Renault,3450.00,van,196,1.90,Diesel,yes,2001,Kangoo,25,7.54
Mercedes-Benz,22000.00,van,236,2.20,Diesel,yes,2012,Sprinter 313,14,15.73
Mercedes-Benz,6500.00,other,315,2.00,Petrol,yes,1996,E-Class,30,10.16
Mitsubishi,12999.00,crossover,111,3.00,Gas,yes,2008,Outlander XL,18,5.84
Volkswagen,21500.00,sedan,2,1.60,Diesel,yes,2016,Jetta,10,0.18
BMW,2750.00,vagon,254,2.80,Gas,no,1997,528,29,8.47
Mitsubishi,23000.00,crossover,125,3.00,Gas,yes,2008,Pajero Wagon,18,6.58
BMW,8200.00,sedan,368,3.00,Diesel,yes,2000,730,26,13.63
BMW,32900.00,crossover,90,3.00,Petrol,yes,2008,X6,18,4.74
Mercedes-Benz,13600.00,sedan,115,,Petrol,yes,2007,C-Class,19,5.75
Toyota,22000.00,sedan,73,3.50,Petrol,yes,2010,Camry,16,4.29
Mitsubishi,2800.00,other,290,2.00,Petrol,yes,1990,Galant,36,7.84
Mercedes-Benz,12999.00,van,130,2.20,Diesel,yes,2012,Vito,14,8.67
Toyota,32000.00,sedan,22,2.50,Petrol,yes,2015,Camry,11,1.83
Toyota,99999.00,crossover,0,4.50,Petrol,yes,2016,Land Cruiser 200,10,0.00
Renault,6950.00,van,310,2.50,Diesel,yes,2005,Master,21,14.09
Renault,10500.00,hatch,148,1.50,Diesel,yes,2012,Megane,14,9.87
BMW,6899.00,vagon,320,2.80,Gas,yes,1997,528,29,10.67
Mercedes-Benz,6200.00,sedan,440,4.20,Gas,yes,1997,S 420,29,14.67
Toyota,65000.00,other,60,4.50,Diesel,yes,2013,Land Cruiser 200,13,4.29
Mercedes-Benz,13900.00,other,272,2.20,Diesel,yes,2005,Sprinter 313,21,12.36
Renault,5800.00,van,217,2.00,Gas,yes,2003,Scenic,23,9.04
BMW,28700.00,other,160,3.00,Petrol,yes,2011,528,15,10.00
BMW,16700.00,crossover,260,4.40,Petrol,yes,2003,X5,23,10.83
Volkswagen,18500.00,sedan,217,3.00,Diesel,yes,2006,Phaeton,20,10.33
Renault,3999.00,other,227,1.40,Gas,yes,2005,Kangoo,21,10.32
Renault,8800.00,van,200,1.90,Diesel,yes,2005,Trafic,21,9.09
Mercedes-Benz,14500.00,van,205,2.20,Diesel,yes,2012,Sprinter 313,14,13.67
BMW,8900.00,sedan,240,2.00,Diesel,yes,2001,320,25,9.23
Volkswagen,1585.28,other,10,1.60,Diesel,yes,1984,T2 (Transporter),42,0.23
Renault,8550.00,van,160,1.50,Diesel,yes,2014,Kangoo,12,12.31
Mercedes-Benz,10900.00,sedan,160,3.00,Diesel,yes,1996,S 140,30,5.16
BMW,48535.50,crossover,0,2.00,Diesel,yes,2016,X3,10,0.00
BMW,25000.00,crossover,130,3.00,Diesel,yes,2012,X5,14,8.67
Mitsubishi,7000.00,sedan,99,1.60,Petrol,yes,2005,Lancer,21,4.50
BMW,5500.00,sedan,402,2.00,Petrol,yes,1988,520,38,10.31
Mercedes-Benz,2800.00,other,220,2.30,Petrol,no,2000,CLK 230,26,8.15
Mercedes-Benz,86000.00,crossover,3,3.00,Diesel,yes,2016,GLS 350,10,0.27
Volkswagen,9555.00,van,152,1.60,Diesel,yes,2012,Caddy,14,10.13
Renault,7200.00,van,1,1.50,Diesel,yes,2012,Kangoo,14,0.07
Mercedes-Benz,7700.00,van,300,2.20,Other,yes,2004,Vito,22,13.04
BMW,75000.00,crossover,20,3.00,Diesel,yes,2014,X5,12,1.54
Volkswagen,8650.00,hatch,150,1.40,Petrol,yes,2008,Golf V,18,7.89
Toyota,10700.00,sedan,109,1.80,Petrol,yes,2007,Avensis,19,5.45
Volkswagen,6300.00,van,1,2.50,Diesel,yes,2000,T4 (Transporter),26,0.04
Toyota,13900.00,sedan,102,3.50,Gas,yes,2008,Camry,18,5.37
Audi,3150.00,vagon,310,2.50,Diesel,no,1999,A6,27,11.07
Volkswagen,7500.00,other,360,2.50,Diesel,yes,2001,T4 (Transporter),25,13.85
Volkswagen,6550.00,sedan,150,1.60,Petrol,yes,2001,Bora,25,5.77
BMW,7100.00,sedan,313,2.00,Gas,yes,1997,520,29,10.43
Volkswagen,3700.00,sedan,370,2.00,Gas,yes,1992,Passat B3,34,10.57
Toyota,20999.00,sedan,77,2.50,Gas,yes,2012,Camry,14,5.13
Renault,6750.00,vagon,1,1.50,Diesel,yes,2004,Scenic,22,0.04
Mercedes-Benz,8400.00,other,440,5.00,Gas,yes,1996,S 140,30,14.19
Toyota,103999.00,crossover,0,4.50,Diesel,yes,2016,Land Cruiser 200,10,0.00
Mercedes-Benz,5200.00,sedan,432,3.00,Diesel,yes,1992,E-Class,34,12.34
BMW,51000.00,sedan,97,3.00,Diesel,yes,2011,730,15,6.06
Toyota,27400.00,crossover,52,3.50,Gas,yes,2012,Venza,14,3.47
Toyota,12500.00,crossover,201,2.00,Petrol,yes,2006,Rav 4,20,9.57
Mercedes-Benz,24800.00,vagon,118,3.00,Diesel,yes,2010,E-Class,16,6.94
Volkswagen,10600.00,sedan,118,1.80,Petrol,yes,2008,Passat B6,18,6.21
Mitsubishi,8900.00,other,150,3.00,Petrol,yes,2000,Eclipse,26,5.56
Renault,7200.00,van,101,1.50,Diesel,yes,2012,Kangoo,14,6.73
BMW,10000.00,sedan,274,4.40,Gas,yes,1998,540,28,9.45
Toyota,11700.00,crossover,126,2.40,Gas,yes,2008,Rav 4,18,6.63
BMW,64999.00,sedan,15,3.00,Petrol,yes,2012,640,14,1.00
Toyota,28900.00,crossover,83,3.50,Gas,yes,2012,Highlander,14,5.53
BMW,60500.00,crossover,1,2.00,Diesel,yes,2016,X5,10,0.09
Renault,5500.00,sedan,153,1.60,Other,yes,2006,Megane,20,7.29
BMW,85900.00,crossover,19,3.00,Diesel,yes,2015,X6,11,1.58
BMW,49000.00,vagon,56,5.00,Petrol,yes,2007,M5,19,2.80
Audi,22999.00,crossover,125,4.20,Petrol,yes,2008,Q7,18,6.58
Mercedes-Benz,22900.00,sedan,197,2.20,Diesel,yes,2010,E-Class,16,11.59
BMW,85555.00,sedan,10,3.00,Other,yes,2015,6 Series Gran Coupe,11,0.83
Mercedes-Benz,30000.00,crossover,97,2.14,Diesel,yes,2011,ML 250,15,6.06
BMW,2600.00,sedan,250,1.60,Petrol,yes,1996,316,30,8.06
Volkswagen,12500.00,crossover,230,3.20,Gas,yes,2003,Touareg,23,9.58
BMW,6800.00,sedan,4,2.80,Gas,yes,1995,528,31,0.12
Mercedes-Benz,8700.00,other,280,,Diesel,yes,2001,Vito,25,10.77
Audi,4000.00,sedan,315,2.30,Gas,yes,1991,100,35,8.75
Audi,36500.00,crossover,159,3.00,Diesel,yes,2010,Q7,16,9.35
Volkswagen,10000.00,van,231,1.90,Diesel,yes,2005,T5 (Transporter),21,10.50
Volkswagen,4700.00,hatch,160,2.00,Diesel,no,2006,Golf VI,20,7.62
BMW,27900.00,crossover,140,3.00,Diesel,yes,2009,X5,17,7.78
Renault,7440.00,other,148,1.50,Diesel,yes,2012,Kangoo,14,9.87
Mercedes-Benz,17999.00,van,260,2.20,Diesel,yes,2013,Sprinter 316,13,18.57
Volkswagen,7750.00,van,235,1.90,Diesel,yes,2004,T5 (Transporter),22,10.22
Mercedes-Benz,7200.00,van,285,2.20,Diesel,yes,2001,Vito,25,10.96
Volkswagen,3700.00,hatch,121,1.90,Diesel,yes,1993,Golf III,33,3.56
Volkswagen,12000.00,vagon,187,2.00,Diesel,yes,2008,Passat B6,18,9.84
Audi,48000.00,crossover,75,3.00,Diesel,yes,2013,Q7,13,5.36
BMW,49000.00,sedan,58,4.40,Other,yes,2011,750,15,3.62
Mercedes-Benz,69500.00,crossover,84,3.00,Diesel,yes,2014,GL 350,12,6.46
BMW,19999.00,crossover,227,3.00,Diesel,yes,2006,X5,20,10.81
Volkswagen,30900.00,sedan,30,2.00,Diesel,yes,2014,Passat B7,12,2.31
Mercedes-Benz,44000.00,other,39,5.50,Petrol,yes,2009,SL 55 AMG,17,2.17
Mercedes-Benz,10200.00,sedan,174,2.60,Gas,yes,2001,E-Class,25,6.69
Mercedes-Benz,22000.00,crossover,160,4.00,Diesel,yes,2008,ML 400,18,8.42
Mercedes-Benz,46700.00,sedan,115,5.50,Petrol,yes,2011,S 500,15,7.19
Mercedes-Benz,9999.00,sedan,322,2.70,Diesel,yes,2000,E-Class,26,11.93
Volkswagen,4400.00,other,145,2.40,Diesel,yes,1993,T4 (Transporter),33,4.26
Mercedes-Benz,45000.00,sedan,1,1.60,Petrol,yes,2015,C-Class,11,0.08
Toyota,63333.00,other,33,4.50,Diesel,yes,2013,Land Cruiser 200,13,2.36
Volkswagen,12999.00,van,237,2.50,Diesel,yes,2005,T5 (Transporter),21,10.77
Mercedes-Benz,15000.00,other,115,2.20,Diesel,yes,2011,Vito,15,7.19
BMW,24500.00,sedan,114,,Petrol,yes,2005,M5,21,5.18
Volkswagen,1950.00,hatch,94,1.20,Petrol,yes,1982,Golf II,44,2.09
BMW,58500.00,crossover,80,3.00,Diesel,yes,2013,X5,13,5.71
Renault,6250.00,van,205,1.60,Petrol,yes,2007,Scenic,19,10.25
Volkswagen,8900.00,sedan,160,1.60,Petrol,yes,2006,Jetta,20,7.62
Mercedes-Benz,65000.00,other,0,1.60,Petrol,yes,2016,C-Class,10,0.00
Volkswagen,15200.00,sedan,185,1.40,Petrol,yes,2011,Golf VI,15,11.56
Mercedes-Benz,121500.00,sedan,22,3.00,Diesel,yes,2014,S 350,12,1.69
Audi,30999.00,sedan,108,2.00,Diesel,yes,2013,A6,13,7.71
BMW,22000.00,other,138,4.80,Petrol,yes,2007,650,19,6.90
Mercedes-Benz,10999.00,other,185,,Diesel,yes,2005,Vito,21,8.41
Mitsubishi,10500.00,crossover,95,3.20,Diesel,no,2008,Pajero Wagon,18,5.00
BMW,3900.00,sedan,380,3.00,Gas,yes,1989,530,37,10.00
Mitsubishi,9900.00,sedan,55,2.00,Other,yes,2008,Lancer X,18,2.89
Mercedes-Benz,3799.00,sedan,210,2.00,Petrol,yes,1995,E-Class,31,6.56
BMW,5000.00,sedan,305,2.00,Petrol,yes,1995,520,31,9.53
Audi,5300.00,other,370,1.80,Petrol,yes,1997,A6,29,12.33
Renault,6450.00,vagon,100,1.50,Diesel,yes,2009,Kangoo,17,5.56
Toyota,44700.00,crossover,120,3.50,Petrol,yes,2013,Venza,13,8.57
Toyota,17800.00,crossover,220,3.00,Diesel,yes,2004,Land Cruiser Prado,22,9.57
BMW,26900.00,sedan,158,5.00,Petrol,yes,2007,M5,19,7.90
Volkswagen,14999.00,vagon,128,1.40,Gas,yes,2011,Passat B7,15,8.00
Mercedes-Benz,7650.00,sedan,340,5.00,Gas,yes,1997,S 140,29,11.33
Volkswagen,12750.00,vagon,130,1.40,Gas,yes,2010,Passat B6,16,7.65
Volkswagen,16000.00,hatch,26,1.20,Petrol,yes,2014,Polo,12,2.00
Toyota,65000.00,crossover,90,4.50,Diesel,yes,2012,Land Cruiser 200,14,6.00
Renault,11999.00,hatch,65,1.50,Diesel,yes,2014,Megane,12,5.00
BMW,3000.00,sedan,294,2.00,Diesel,no,1999,320,27,10.50
Volkswagen,17900.00,crossover,70,1.40,Petrol,yes,2012,Tiguan,14,4.67
Volkswagen,8200.00,sedan,180,,Petrol,yes,2007,Jetta,19,9.00
Mercedes-Benz,109000.00,crossover,0,3.50,Diesel,yes,2016,GLS 350,10,0.00
Mercedes-Benz,4500.00,sedan,409,2.60,Petrol,yes,1991,E-Class,35,11.36
Audi,19300.00,sedan,113,1.80,Petrol,yes,2009,A4,17,6.28
Volkswagen,11300.00,van,250,2.50,Diesel,yes,2007,T5 (Transporter),19,12.50
Mitsubishi,18800.00,crossover,47,3.00,Petrol,yes,2008,Pajero Wagon,18,2.47
Toyota,28900.00,crossover,83,,Petrol,yes,2012,Highlander,14,5.53
Mercedes-Benz,4150.00,other,277,2.20,Diesel,yes,2000,Vito,26,10.26
Volkswagen,14000.00,crossover,194,3.20,Gas,yes,2004,Touareg,22,8.43
Mercedes-Benz,13995.00,van,126,2.20,Diesel,yes,2013,Vito,13,9.00
Renault,6400.00,other,209,1.50,Diesel,yes,2005,Scenic,21,9.50
Renault,4900.00,sedan,90,1.40,Gas,yes,2008,Symbol,18,4.74
Audi,6400.00,sedan,261,1.80,Gas,yes,2000,A6,26,9.67
Renault,9400.00,van,270,2.00,Diesel,yes,2007,Trafic,19,13.50
Toyota,15400.00,sedan,152,3.50,Gas,yes,2007,Avalon,19,7.60
Volkswagen,2900.00,sedan,238,2.00,Gas,no,2002,Passat B5,24,9.52
Renault,9500.00,vagon,78,1.50,Diesel,yes,2014,Kangoo,12,6.00
Volkswagen,23000.00,sedan,75,2.00,Petrol,yes,2013,Passat CC,13,5.36
Toyota,10600.00,crossover,185,2.00,Gas,yes,2005,Rav 4,21,8.41
Audi,2550.00,sedan,304,2.50,Diesel,no,1998,A6,28,10.48
Volkswagen,8500.00,sedan,87,1.60,Petrol,yes,2011,Polo,15,5.44
Audi,10500.00,vagon,243,2.50,Diesel,yes,2003,A6,23,10.12
Mercedes-Benz,18000.00,sedan,99,1.80,Petrol,yes,2008,C-Class,18,5.21
Mercedes-Benz,6100.00,sedan,280,,Gas,yes,1999,E-Class,27,10.00
Mitsubishi,1585.28,hatch,1,1.80,Diesel,yes,1990,Galant,36,0.03
BMW,3800.00,sedan,250,3.00,Diesel,no,2002,330,24,10.00
BMW,42000.00,crossover,128,4.40,Petrol,yes,2011,X5 M,15,8.00
Mitsubishi,8500.00,sedan,110,2.00,Petrol,yes,2008,Lancer X,18,5.79
Toyota,24900.00,sedan,30,2.50,Petrol,yes,2014,Camry,12,2.31
Volkswagen,10200.00,vagon,186,2.00,Diesel,yes,2005,Passat B6,21,8.45
BMW,14200.00,sedan,135,3.00,Gas,yes,2004,530,22,5.87
Volkswagen,22500.00,crossover,151,3.00,Diesel,yes,2009,Touareg,17,8.39
Toyota,47500.00,crossover,45,3.00,Diesel,yes,2014,Land Cruiser Prado,12,3.46
BMW,4500.00,vagon,360,2.00,Petrol,yes,1993,520,33,10.59
BMW,8300.00,sedan,197,3.00,Petrol,yes,2001,530,25,7.58
Toyota,14300.00,hatch,60,1.60,Petrol,yes,2013,Auris,13,4.29
Renault,18456.16,crossover,1,1.50,Diesel,yes,2016,Duster,10,0.09
Renault,6999.00,van,173,1.50,Diesel,yes,2006,Scenic,20,8.24
Mitsubishi,7500.00,sedan,94,1.60,Petrol,yes,2007,Lancer,19,4.70
Volkswagen,2850.00,sedan,350,2.00,Petrol,yes,1990,Passat B3,36,9.46
Mercedes-Benz,5800.00,van,282,2.20,Diesel,yes,2001,Vito,25,10.85
Toyota,3700.00,hatch,282,1.40,Petrol,yes,1995,Corolla,31,8.81
Renault,6555.00,vagon,180,1.50,Diesel,yes,2005,Megane,21,8.18
Volkswagen,23999.00,sedan,80,1.80,Petrol,yes,2012,Passat CC,14,5.33
Mitsubishi,21500.00,crossover,47,2.40,Petrol,yes,2012,Outlander XL,14,3.13
Volkswagen,5700.00,sedan,300,1.80,Petrol,yes,2001,Passat B5,25,11.54
Mercedes-Benz,126902.16,van,19,3.50,Petrol,yes,2013,Sprinter 324,13,1.36
Mercedes-Benz,16800.00,van,116,,Other,yes,2013,Vito,13,8.29
Volkswagen,4500.00,vagon,220,2.00,Diesel,no,2005,Touran,21,10.00
BMW,6800.00,sedan,297,2.50,Petrol,yes,2000,525,26,11.00
Toyota,22900.00,sedan,84,2.50,Petrol,yes,2012,Camry,14,5.60
Volkswagen,8500.00,van,210,2.50,Diesel,yes,2003,T4 (Transporter),23,8.75
Renault,8700.00,van,183,1.90,Diesel,yes,2004,Trafic,22,7.96
BMW,12200.00,sedan,239,3.00,Diesel,yes,2001,730,25,9.19
BMW,23900.00,crossover,235,3.00,Diesel,yes,2007,X5,19,11.75
Mitsubishi,16000.00,vagon,174,3.20,Diesel,yes,2006,Pajero Wagon,20,8.29
Mitsubishi,7000.00,sedan,158,1.60,Petrol,yes,2007,Lancer,19,7.90
Renault,9450.00,vagon,215,1.50,Diesel,yes,2008,Laguna,18,11.32
Mercedes-Benz,41900.00,sedan,95,6.15,Other,yes,2011,S 550,15,5.94
Mitsubishi,7400.00,sedan,148,1.60,Petrol,yes,2008,Lancer,18,7.79
Renault,2350.00,vagon,245,1.90,Diesel,no,2003,Laguna,23,10.21
Audi,3390.00,sedan,289,2.50,Diesel,no,2002,A6,24,11.56
BMW,40755.00,sedan,0,2.00,Petrol,yes,2016,520,10,0.00
Volkswagen,3300.00,vagon,430,1.80,Petrol,yes,1991,Passat B3,35,11.94
Toyota,1585.28,van,140,2.00,Gas,yes,1985,Lite Ace,41,3.33
Volkswagen,49500.00,crossover,80,3.00,Diesel,yes,2014,Touareg,12,6.15
Renault,8700.00,hatch,100,1.50,Diesel,yes,2010,Megane,16,5.88
Mercedes-Benz,20400.00,sedan,190,1.80,Gas,yes,2011,E-Class,15,11.88
BMW,17700.00,sedan,98,2.00,Petrol,yes,2011,320,15,6.12
BMW,17900.00,sedan,69,2.00,Petrol,yes,2008,320,18,3.63
Mercedes-Benz,5500.00,sedan,269,2.20,Petrol,yes,1994,E-Class,32,8.15
Mercedes-Benz,6200.00,sedan,221,1.80,Gas,yes,2004,E-Class,22,9.61
Mercedes-Benz,3500.00,van,257,2.20,Diesel,no,2002,C-Class,24,10.28
BMW,8100.00,vagon,180,2.00,Diesel,no,2011,118,15,11.25
Toyota,2499.00,vagon,254,2.00,Diesel,no,2000,Avensis,26,9.41
Audi,3150.00,sedan,10,2.80,Petrol,yes,1991,100,35,0.28
Audi,4000.00,sedan,380,2.80,Petrol,yes,1997,A6,29,12.67
Audi,4000.00,vagon,234,2.50,Diesel,no,2001,A6,25,9.00
BMW,2050.00,vagon,300,2.50,Diesel,no,1997,525,29,10.00
Mercedes-Benz,2600.00,hatch,178,1.70,Diesel,no,1999,A 170,27,6.36
Mercedes-Benz,24500.00,sedan,222,5.50,Petrol,yes,2005,S 550,21,10.09
BMW,14600.00,sedan,116,2.50,Diesel,yes,2004,525,22,5.04
Mercedes-Benz,16900.00,van,180,3.00,Diesel,yes,2008,Vito,18,9.47
Volkswagen,14500.00,crossover,173,2.50,Diesel,yes,2005,Touareg,21,7.86
Volkswagen,38365.00,sedan,0,2.00,Diesel,yes,2016,Passat B8,10,0.00
Mercedes-Benz,17800.00,van,162,1.80,Diesel,yes,2012,B 180,14,10.80
Renault,5000.00,sedan,200,1.40,Petrol,yes,2007,Clio,19,10.00
Toyota,42000.00,crossover,97,4.00,Petrol,yes,2010,4Runner,16,5.71
BMW,35500.00,sedan,67,3.00,Petrol,yes,2011,535,15,4.19
BMW,3000.00,sedan,190,2.00,Petrol,no,2000,520,26,7.04
BMW,22600.00,crossover,69,3.00,Petrol,no,2013,X6,13,4.93
Volkswagen,12900.00,other,142,2.00,Petrol,yes,2007,Eos,19,7.10
Mercedes-Benz,7600.00,van,240,2.20,Diesel,yes,2005,Vito,21,10.91
Toyota,37700.00,crossover,47,5.70,Gas,yes,2009,Sequoia,17,2.61
Toyota,8300.00,sedan,168,2.00,Petrol,yes,2004,Avensis,22,7.30
BMW,65500.00,crossover,1,2.00,Diesel,yes,2016,X5,10,0.09
Audi,34500.00,sedan,71,2.80,Petrol,yes,2012,A6,14,4.73
Toyota,7500.00,sedan,185,3.00,Gas,yes,2004,Camry,22,8.04
Volkswagen,13900.00,vagon,123,1.40,Gas,yes,2013,Touran,13,8.79
Renault,4000.00,van,194,1.90,Diesel,yes,2000,Kangoo,26,7.19
Audi,2300.00,vagon,250,2.50,Diesel,no,2001,A6,25,9.62
Renault,5650.00,van,140,1.40,Petrol,yes,2009,Kangoo,17,7.78
Volkswagen,11800.00,other,200,1.90,Diesel,yes,2007,T5 (Transporter),19,10.00
Audi,44000.00,hatch,1,1.40,Petrol,yes,2016,A5,10,0.09
Audi,23400.00,crossover,105,4.20,Gas,yes,2007,Q7,19,5.25
BMW,2666.00,sedan,360,2.50,Diesel,no,1996,525,30,11.61
BMW,23900.00,crossover,60,2.00,Petrol,yes,2013,X1,13,4.29
Toyota,14000.00,sedan,25,2.50,Petrol,yes,2014,Camry,12,1.92
BMW,69999.00,crossover,1,2.00,Petrol,yes,2016,X5,10,0.09
Mercedes-Benz,58999.00,crossover,0,2.20,Diesel,yes,2016,GLC-Class,10,0.00
Audi,22500.00,other,71,3.60,Petrol,yes,2007,Q7,19,3.55
Toyota,10300.00,sedan,108,1.60,Petrol,yes,2008,Corolla,18,5.68
Renault,9300.00,van,200,1.50,Diesel,yes,2009,Grand Scenic,17,11.11
Audi,37800.00,other,126,3.00,Diesel,yes,2010,Q7,16,7.41
Toyota,10400.00,sedan,144,1.30,Petrol,yes,2012,Corolla,14,9.60
Renault,6700.00,van,160,1.50,Diesel,yes,2012,Kangoo,14,10.67
Renault,7400.00,van,156,1.50,Diesel,yes,2012,Kangoo,14,10.40
Renault,11200.00,van,157,1.50,Diesel,yes,2012,Grand Scenic,14,10.47
Toyota,25900.00,crossover,97,4.00,Petrol,yes,2009,Land Cruiser Prado,17,5.39
Mercedes-Benz,11500.00,van,381,2.20,Diesel,yes,2006,Vito,20,18.14
BMW,3950.00,sedan,300,2.00,Petrol,yes,1986,320,40,7.32
Renault,11500.00,vagon,230,1.50,Diesel,yes,2012,Megane,14,15.33
Toyota,2600.00,sedan,218,2.20,Petrol,yes,1994,Camry,32,6.61
Mercedes-Benz,55000.00,crossover,40,4.60,Petrol,yes,2013,ML 500,13,2.86
Renault,6650.00,hatch,274,1.50,Diesel,yes,2006,Scenic,20,13.05
Mercedes-Benz,11900.00,van,215,2.20,Diesel,yes,2011,Vito,15,13.44
Renault,8600.00,van,100,1.50,Diesel,yes,2012,Kangoo,14,6.67
Mercedes-Benz,6700.00,van,310,2.20,Diesel,yes,2001,Vito,25,11.92
Volkswagen,21500.00,crossover,178,3.00,Diesel,yes,2008,Touareg,18,9.37
Toyota,17777.00,other,120,2.70,Gas,yes,2006,Land Cruiser Prado,20,5.71
BMW,29000.00,sedan,170,2.00,Diesel,yes,2011,520,15,10.62
Volkswagen,7300.00,sedan,125,1.60,Petrol,yes,2005,Golf Plus,21,5.68
BMW,58000.00,crossover,64,2.00,Diesel,yes,2015,X5,11,5.33
Toyota,43999.00,other,1,2.80,Diesel,yes,2016,Hilux,10,0.09
Volkswagen,16450.00,van,143,2.00,Diesel,yes,2012,T5 (Transporter) ,14,9.53
Toyota,26900.00,crossover,118,2.70,Petrol,yes,2011,Land Cruiser Prado,15,7.38
Renault,8250.00,sedan,148,,Other,yes,2011,Kangoo,15,9.25
BMW,13900.00,sedan,262,4.00,Diesel,yes,2003,740,23,10.92
Mercedes-Benz,5500.00,sedan,250,2.70,Diesel,no,2003,E-Class,23,10.42
Volkswagen,3350.00,other,223,1.90,Diesel,yes,1997,Caddy,29,7.43
Volkswagen,9800.00,hatch,98,1.60,Gas,yes,2010,Golf V,16,5.76
Mercedes-Benz,13899.00,hatch,232,3.00,Diesel,yes,2007,Vito,19,11.60
Mercedes-Benz,15200.00,sedan,195,3.00,Diesel,yes,2007,E-Class,19,9.75
Toyota,8900.00,sedan,87,1.60,Petrol,yes,2008,Corolla,18,4.58
Mitsubishi,17800.00,crossover,111,2.40,Petrol,yes,2011,Outlander XL,15,6.94
Audi,2650.00,vagon,270,2.50,Diesel,no,2001,A6,25,10.38
Mitsubishi,10200.00,sedan,102,2.00,Gas,yes,2008,Lancer X,18,5.37
Toyota,12500.00,sedan,150,2.40,Petrol,yes,2007,Camry,19,7.50
Audi,2500.00,hatch,200,1.60,Petrol,no,1999,A3,27,7.14
Toyota,16200.00,crossover,219,2.70,Petrol,yes,2006,Land Cruiser Prado,20,10.43
BMW,28000.00,sedan,127,2.50,Petrol,yes,2010,523,16,7.47
Mercedes-Benz,5000.00,sedan,240,2.20,Diesel,no,2004,E-Class,22,10.43
Toyota,8900.00,sedan,154,1.60,Gas,yes,2008,Corolla,18,8.11
BMW,29900.00,crossover,182,3.00,Petrol,yes,2008,X6,18,9.58
Mercedes-Benz,12950.00,other,199,2.20,Diesel,yes,2012,Vito,14,13.27
Volkswagen,19999.00,van,152,2.00,Diesel,yes,2012,Sharan,14,10.13
Audi,10000.00,sedan,131,1.80,Petrol,yes,2005,A4,21,5.95
BMW,39500.00,vagon,93,2.00,Diesel,yes,2012,525,14,6.20
Volkswagen,7900.00,other,123,1.40,Petrol,yes,2008,Polo,18,6.47
Volkswagen,6000.00,van,440,1.90,Diesel,yes,1997,T4 (Transporter),29,14.67
Mercedes-Benz,126902.16,crossover,30,6.15,Petrol,yes,2013,G 63 AMG,13,2.14
Mercedes-Benz,5600.00,van,440,2.20,Diesel,yes,1999,Vito,27,15.71
Mercedes-Benz,15900.00,sedan,216,5.00,Petrol,yes,2007,E-Class,19,10.80
Mitsubishi,6700.00,sedan,155,1.60,Gas,yes,2007,Lancer,19,7.75
Renault,9500.00,van,189,2.00,Diesel,yes,2010,Trafic,16,11.12
Audi,3600.00,sedan,374,2.50,Diesel,no,2001,A8,25,14.38
Renault,9150.00,van,220,2.00,Diesel,yes,2007,Trafic,19,11.00
Mercedes-Benz,41500.00,other,26,,Diesel,yes,2013,E-Class,13,1.86
Mercedes-Benz,12900.00,van,185,2.20,Diesel,yes,2011,Vito,15,11.56
Renault,11500.00,vagon,175,1.50,Diesel,yes,2011,Megane,15,10.94
Toyota,39500.00,other,1,2.80,Diesel,yes,2016,Hilux,10,0.09
Renault,4200.00,sedan,310,1.40,Petrol,yes,2003,Symbol,23,12.92
BMW,4100.00,sedan,26,3.00,Diesel,no,2001,530,25,1.00
Volkswagen,9200.00,van,248,1.90,Diesel,yes,2007,T5 (Transporter) ,19,12.40
Audi,11400.00,crossover,250,2.50,Diesel,yes,2005,A6 Allroad,21,11.36
Volkswagen,24000.00,sedan,3,1.60,Diesel,yes,2016,Jetta,10,0.27
Renault,1800.00,hatch,1,1.40,Gas,yes,1988,11,38,0.03
Mercedes-Benz,3799.00,sedan,210,2.00,Petrol,yes,1995,200,31,6.56
Mercedes-Benz,110000.00,crossover,0,3.00,Diesel,yes,2016,GLS 350,10,0.00
BMW,16999.00,vagon,213,3.00,Diesel,yes,2007,530,19,10.65
Audi,6700.00,sedan,340,2.60,Gas,yes,1997,A6,29,11.33
Toyota,2200.00,hatch,50,2.00,Petrol,yes,1991,Carina,35,1.39
Toyota,4500.00,sedan,238,1.80,Petrol,yes,1996,Carina,30,7.68
BMW,10999.00,sedan,225,3.00,Diesel,yes,2003,530,23,9.38
BMW,4000.00,sedan,380,2.00,Petrol,yes,1991,320,35,10.56
Volkswagen,5400.00,vagon,250,1.60,Petrol,yes,2003,Golf IV,23,10.42
Mercedes-Benz,1700.00,sedan,300,2.00,Gas,no,1998,E-Class,28,10.34
Audi,4000.00,sedan,320,2.80,Petrol,yes,1992,100,34,9.14
Mercedes-Benz,55000.00,crossover,127,5.50,Petrol,yes,2008,G 55 AMG,18,6.68
BMW,2500.00,sedan,44,2.50,Diesel,no,1997,525,29,1.47
Mitsubishi,15999.00,crossover,149,3.00,Gas,yes,2008,Pajero Wagon,18,7.84
Mercedes-Benz,7800.00,hatch,125,2.30,Petrol,yes,2001,C-Class,25,4.81
Volkswagen,12114.35,sedan,0,1.60,Petrol,yes,2016,Polo,10,0.00
Volkswagen,12500.00,sedan,118,1.60,Diesel,yes,2011,Golf VI,15,7.38
Renault,11500.00,van,160,1.50,Diesel,yes,2010,Grand Scenic,16,9.41
Volkswagen,10999.00,other,240,2.50,Diesel,yes,2005,LT,21,10.91
Mercedes-Benz,15300.00,other,234,2.20,Diesel,yes,2008,Sprinter 315,18,12.32
Mercedes-Benz,12300.00,sedan,300,2.20,Diesel,yes,2003,E-Class,23,12.50
Volkswagen,12400.00,other,248,2.50,Diesel,yes,2007,T5 (Transporter),19,12.40
Mercedes-Benz,50800.00,crossover,30,3.50,Diesel,yes,2013,ML 350,13,2.14
BMW,77500.00,crossover,1,3.00,Petrol,yes,2016,X6,10,0.09
Renault,6800.00,van,119,1.50,Diesel,yes,2012,Kangoo,14,7.93
BMW,6399.00,sedan,282,2.00,Petrol,yes,1995,520,31,8.81
Audi,3550.00,sedan,196,2.80,Petrol,no,1997,A8,29,6.53
BMW,31800.00,sedan,115,3.00,Diesel,yes,2010,5 Series GT,16,6.76
Volkswagen,1700.00,hatch,247,1.40,Petrol,no,1999,Golf IV,27,8.82
BMW,14300.00,sedan,198,,Petrol,yes,2005,523,21,9.00
Mercedes-Benz,14900.00,sedan,171,3.20,Gas,yes,2006,E-Class,20,8.14
Mercedes-Benz,5100.00,sedan,295,3.00,Diesel,yes,1994,E-Class,32,8.94
Renault,12800.00,hatch,125,1.20,Diesel,yes,2012,Laguna,14,8.33
BMW,5650.00,sedan,284,2.00,Petrol,yes,1998,520,28,9.79
Audi,5200.00,sedan,250,1.80,Other,yes,1996,A4,30,8.06
Renault,10100.00,vagon,190,2.00,Diesel,yes,2012,Trafic,14,12.67
Mercedes-Benz,126902.16,sedan,29,6.00,Petrol,yes,2011,S 600,15,1.81
Mercedes-Benz,14750.00,sedan,220,3.00,Diesel,yes,2005,E-Class,21,10.00
Volkswagen,4500.00,sedan,230,2.00,Gas,yes,1996,Passat B4,30,7.42
Audi,19500.00,crossover,186,4.20,Petrol,yes,2006,Q7,20,8.86
BMW,5400.00,crossover,250,3.00,Petrol,no,2003,X5,23,10.42
Mercedes-Benz,12900.00,sedan,255,2.70,Diesel,yes,2003,E-Class,23,10.62
Mitsubishi,15900.00,crossover,138,3.00,Gas,yes,2008,Pajero Wagon,18,7.26
Renault,11800.00,other,179,1.50,Diesel,yes,2012,Megane,14,11.93
BMW,34500.00,sedan,45,2.00,Petrol,yes,2013,320,13,3.21
Renault,6200.00,van,228,2.50,Diesel,yes,2005,Trafic,21,10.36
Mercedes-Benz,16500.00,other,107,2.20,Diesel,yes,2010,Vito,16,6.29
Volkswagen,55555.00,van,53,2.00,Diesel,yes,2013,Multivan,13,3.79
Toyota,22500.00,sedan,12,2.50,Petrol,yes,2014,Camry,12,0.92
Audi,8700.00,sedan,202,3.70,Gas,yes,1998,A8,28,6.97
Audi,35900.00,sedan,105,2.00,Diesel,yes,2014,A6,12,8.08
Mercedes-Benz,6800.00,van,242,2.20,Diesel,yes,1999,Vito,27,8.64
Mitsubishi,18500.00,crossover,135,3.00,Gas,yes,2009,Pajero Wagon,17,7.50
BMW,12300.00,sedan,140,2.00,Petrol,yes,2005,318,21,6.36
Toyota,18800.00,vagon,89,1.80,Petrol,yes,2012,Avensis,14,5.93
Mercedes-Benz,11700.00,crossover,284,4.00,Diesel,yes,2004,ML 400,22,12.35
Audi,14900.00,crossover,183,3.60,Petrol,no,2007,Q7,19,9.15
Volkswagen,8900.00,sedan,144,1.60,Petrol,yes,2013,Polo,13,10.29
Volkswagen,9000.00,sedan,223,2.50,Diesel,yes,2007,T5 (Transporter),19,11.15
BMW,7250.00,sedan,300,2.80,Petrol,yes,1999,528,27,10.71
Mercedes-Benz,35900.00,crossover,254,5.00,Gas,yes,2004,G 500,22,11.04
Toyota,14900.00,sedan,110,3.50,Petrol,yes,2008,Camry,18,5.79
Volkswagen,14900.00,van,170,1.60,Diesel,yes,2012,Touran,14,11.33
Mercedes-Benz,46500.00,crossover,127,5.00,Petrol,yes,2008,G 500,18,6.68
Mercedes-Benz,7900.00,other,206,2.20,Diesel,yes,2004,Vito,22,8.96
Toyota,35999.00,crossover,102,4.00,Petrol,yes,2011,Land Cruiser Prado,15,6.38
Volkswagen,6800.00,sedan,178,,Gas,yes,2004,Passat B5,22,7.74
Volkswagen,7300.00,van,240,1.90,Diesel,yes,2005,Caddy,21,10.91
BMW,12600.00,sedan,219,3.60,Petrol,yes,2002,735,24,8.76
BMW,9000.00,sedan,225,2.20,Gas,yes,2002,320,24,9.00
BMW,37200.00,other,115,3.00,Diesel,yes,2011,X5,15,7.19
Audi,63200.00,sedan,0,2.00,Petrol,yes,2016,A6,10,0.00
BMW,86999.00,crossover,0,3.00,Diesel,yes,2016,X6,10,0.00
Mercedes-Benz,4100.00,sedan,410,2.20,Diesel,yes,1998,E-Class,28,14.14
Mercedes-Benz,11800.00,sedan,215,3.20,Petrol,yes,2003,E-Class,23,8.96
Audi,4000.00,vagon,300,2.50,Diesel,no,2001,A6,25,11.54
Mercedes-Benz,35500.00,sedan,160,6.15,Petrol,yes,2008,S 65 AMG,18,8.42
Volkswagen,9900.00,van,149,1.60,Diesel,yes,2013,Caddy,13,10.64
BMW,9999.00,sedan,271,3.00,Diesel,yes,2001,530,25,10.42
Volkswagen,11500.00,sedan,118,2.00,Petrol,yes,2007,Passat B6,19,5.90
BMW,4850.00,sedan,280,3.00,Diesel,no,1999,730,27,10.00
Mitsubishi,5850.00,hatch,130,1.30,Petrol,yes,2005,Colt,21,5.91
Toyota,103999.00,crossover,0,4.50,Diesel,yes,2016,Land Cruiser 200,10,0.00
BMW,32000.00,crossover,138,3.00,Petrol,yes,2009,X6,17,7.67
Toyota,61990.00,crossover,68,4.50,Diesel,yes,2012,Land Cruiser 200,14,4.53
Toyota,8888.00,sedan,172,1.80,Gas,yes,2005,Avensis,21,7.82
Mitsubishi,12700.00,crossover,110,2.40,Gas,yes,2008,Outlander XL,18,5.79
Toyota,28500.00,sedan,16,2.50,Petrol,yes,2015,Camry,11,1.33
BMW,47777.00,crossover,142,3.00,Other,yes,2011,X6,15,8.88
BMW,16700.00,sedan,150,2.00,Diesel,yes,2008,520,18,7.89
Volkswagen,8757.00,sedan,32,,Other,no,2015,Jetta,11,2.67
Mercedes-Benz,2500.00,sedan,200,2.30,Gas,yes,1986,190,40,4.88
Toyota,12900.00,sedan,134,2.40,Gas,yes,2007,Camry,19,6.70
Volkswagen,9900.00,van,300,2.50,Diesel,yes,2007,T5 (Transporter),19,15.00
Toyota,51500.00,crossover,70,3.00,Diesel,yes,2015,Land Cruiser Prado,11,5.83
Volkswagen,6200.00,van,180,2.00,Diesel,yes,2005,Caddy,21,8.18
Audi,13333.00,other,178,2.00,Diesel,yes,2008,A6,18,9.37
Mercedes-Benz,43500.00,other,51,3.00,Diesel,yes,2014,E-Class,12,3.92
BMW,23000.00,other,100,,Other,yes,2005,630,21,4.55
Volkswagen,7777.00,other,214,2.00,Other,yes,2007,Caddy,19,10.70
Volkswagen,3600.00,vagon,440,1.80,Petrol,yes,1994,Passat B4,32,13.33
Volkswagen,20600.00,sedan,107,1.80,Petrol,yes,2012,Passat CC,14,7.13
Volkswagen,9500.00,van,188,1.90,Diesel,yes,2006,T5 (Transporter),20,8.95
Mercedes-Benz,17500.00,van,220,3.00,Diesel,yes,2012,Vito,14,14.67
Volkswagen,9000.00,sedan,178,1.90,Diesel,yes,2009,Jetta,17,9.89
Volkswagen,10500.00,van,246,2.50,Diesel,yes,2006,T5 (Transporter),20,11.71
Mercedes-Benz,11300.00,sedan,363,3.20,Gas,yes,2004,E-Class,22,15.78
Renault,9200.00,hatch,12,1.20,Petrol,yes,2013,Sandero,13,0.86
BMW,18500.00,sedan,114,2.00,Gas,yes,2008,520,18,6.00
Volkswagen,28713.75,hatch,0,2.00,Diesel,yes,2015,Golf VII,11,0.00
BMW,31500.00,crossover,130,3.00,Diesel,yes,2010,X5,16,7.65
Renault,2950.00,vagon,280,6.15,Diesel,yes,2000,Kangoo,26,10.37
Toyota,11999.00,sedan,139,3.50,Petrol,yes,2008,Camry,18,7.32
BMW,67431.00,crossover,0,2.00,Diesel,yes,2016,X5,10,0.00
Volkswagen,3500.00,hatch,220,2.00,Petrol,yes,1994,Golf III,32,6.67
Renault,9300.00,van,94,2.00,Diesel,yes,2012,Trafic,14,6.27
BMW,62000.00,crossover,1,2.00,Diesel,yes,2016,X5,10,0.09
Volkswagen,35500.00,crossover,112,,Diesel,yes,2011,Touareg,15,7.00
BMW,57000.00,crossover,47,3.00,Diesel,yes,2014,X6,12,3.62
Volkswagen,7900.00,van,229,1.90,Diesel,yes,2001,T4 (Transporter),25,8.81
BMW,4400.00,sedan,300,2.00,Petrol,yes,1995,520,31,9.38
BMW,62900.00,crossover,1,2.00,Diesel,yes,2016,X5,10,0.09
Mercedes-Benz,23900.00,sedan,124,1.80,Petrol,yes,2012,E-Class,14,8.27
Audi,21900.00,other,114,3.20,Petrol,yes,2009,A5,17,6.33
BMW,15250.00,other,144,3.00,Petrol,yes,2004,530,22,6.26
Mercedes-Benz,4300.00,sedan,280,1.80,Petrol,yes,1993,C-Class,33,8.24
Mercedes-Benz,14600.00,van,217,2.20,Diesel,yes,2012,Vito,14,14.47
Toyota,15000.00,crossover,184,2.70,Gas,yes,2005,Land Cruiser Prado,21,8.36
Mercedes-Benz,5300.00,van,212,2.20,Diesel,yes,2000,Vito,26,7.85
Mercedes-Benz,7000.00,sedan,190,2.60,Petrol,yes,2001,210,25,7.31
BMW,13900.00,other,80,3.00,Petrol,yes,2002,330,24,3.20
Toyota,29000.00,crossover,120,4.00,Gas,yes,2008,Land Cruiser Prado,18,6.32
Volkswagen,20900.00,sedan,25,2.00,Diesel,yes,2015,Jetta,11,2.08
Mercedes-Benz,20500.00,sedan,173,1.80,Gas,yes,2011,E-Class,15,10.81
Toyota,22999.00,crossover,152,4.00,Gas,yes,2008,Land Cruiser Prado,18,8.00
Audi,95000.00,other,30,5.20,Petrol,yes,2010,R8,16,1.76
Volkswagen,9599.00,sedan,88,1.60,Petrol,yes,2014,Polo,12,6.77
Volkswagen,10500.00,van,299,2.50,Diesel,yes,2002,Syncro,24,11.96
Mercedes-Benz,23999.00,sedan,204,3.50,Petrol,yes,2008,S 350,18,10.74
Renault,10200.00,van,149,1.50,Diesel,yes,2013,Kangoo,13,10.64
Toyota,9950.00,sedan,142,1.80,Petrol,yes,2008,Avensis,18,7.47
Toyota,21999.00,crossover,69,3.50,Petrol,yes,2008,Highlander,18,3.63
Mercedes-Benz,18500.00,crossover,180,3.50,Petrol,yes,2008,ML 350,18,9.47
Mercedes-Benz,40500.00,crossover,54,5.50,Petrol,yes,2011,GL 500,15,3.38
Volkswagen,3100.00,sedan,390,1.80,Petrol,yes,1990,Passat B3,36,10.54
BMW,8100.00,crossover,175,3.00,Gas,no,2005,X5,21,7.95
Audi,8100.00,vagon,302,2.50,Diesel,yes,2000,A6,26,11.19
Volkswagen,2600.00,vagon,288,1.80,Petrol,yes,1990,Passat B3,36,7.78
Renault,7299.00,sedan,160,2.00,Petrol,yes,2007,Megane,19,8.00
Volkswagen,9600.00,sedan,107,1.60,Gas,yes,2011,Polo,15,6.69
Renault,10500.00,vagon,250,1.50,Diesel,yes,2011,Megane,15,15.62
Mercedes-Benz,26800.00,vagon,160,2.20,Diesel,yes,2014,E-Class,12,12.31
Audi,31999.00,sedan,107,3.00,Diesel,yes,2009,A8,17,5.94
Volkswagen,12900.00,van,176,2.50,Diesel,yes,2008,T5 (Transporter),18,9.26
BMW,16500.00,other,122,2.20,Petrol,yes,2005,520,21,5.55
Mitsubishi,6000.00,hatch,118,1.30,Petrol,yes,2006,Colt,20,5.62
Toyota,9950.00,sedan,140,1.40,Petrol,yes,2012,Corolla,14,9.33
Volkswagen,5700.00,vagon,199,1.80,Petrol,yes,1999,Sharan,27,7.11
Audi,48000.00,crossover,90,3.00,Diesel,yes,2013,Q7,13,6.43
Volkswagen,1585.28,sedan,1,1.60,Petrol,yes,1980,Jetta,46,0.02
Mitsubishi,8000.00,crossover,220,2.40,Gas,yes,2004,Outlander,22,9.57
Mitsubishi,12500.00,other,48,1.60,Petrol,yes,2012,Lancer X,14,3.20
Mercedes-Benz,57000.00,sedan,61,4.60,Petrol,yes,2012,S 500,14,4.07
Mercedes-Benz,85000.00,sedan,36,5.50,Petrol,yes,2014,CLS 63 AMG,12,2.77
Renault,4200.00,sedan,180,1.40,Petrol,yes,2003,Symbol,23,7.50
BMW,10600.00,sedan,285,2.00,Diesel,yes,2007,520,19,14.25
Audi,55000.00,crossover,65,2.99,Diesel,yes,2013,A6 Allroad,13,4.64
Mercedes-Benz,31500.00,van,95,2.20,Diesel,yes,2013,Vito,13,6.79
Audi,9300.00,sedan,186,2.80,Petrol,yes,2000,A6,26,6.89
Renault,4299.00,vagon,300,1.50,Diesel,yes,2003,Kangoo,23,12.50
Audi,48900.00,other,82,4.20,Petrol,yes,2007,R8,19,4.10
Toyota,13300.00,other,131,2.40,Gas,yes,2008,Camry,18,6.89
Audi,13300.00,sedan,207,4.20,Petrol,yes,2004,A8,22,9.00
BMW,49900.00,other,82,3.00,Petrol,yes,2012,640,14,5.47
BMW,13700.00,sedan,276,3.00,Diesel,yes,2004,530,22,12.00
Volkswagen,5999.00,van,300,1.80,Gas,yes,1999,Sharan,27,10.71
Toyota,8700.00,hatch,38,1.60,Petrol,yes,2008,Auris,18,2.00
Volkswagen,18000.00,crossover,155,2.00,Diesel,yes,2011,Tiguan,15,9.69
BMW,55500.00,crossover,90,3.00,Diesel,yes,2013,X5 M,13,6.43
BMW,3500.00,sedan,280,,Petrol,no,1996,730,30,9.03
BMW,3100.00,vagon,1,2.00,Diesel,no,2002,320,24,0.04
Toyota,30900.00,sedan,15,2.50,Petrol,yes,2015,Camry,11,1.25
Mercedes-Benz,23500.00,sedan,200,5.50,Petrol,yes,2008,S 550,18,10.53
Volkswagen,9200.00,other,156,1.90,Diesel,yes,2009,Golf Variant,17,8.67
Volkswagen,13000.00,sedan,140,2.00,Petrol,yes,2006,Jetta,20,6.67
Mercedes-Benz,55000.00,crossover,120,5.50,Petrol,yes,2008,G 55 AMG,18,6.32
Audi,27500.00,sedan,74,2.00,Diesel,yes,2011,A5,15,4.62
BMW,5900.00,vagon,220,2.80,Petrol,yes,1995,520,31,6.88
Mercedes-Benz,126000.00,sedan,14,3.00,Diesel,yes,2015,S 350,11,1.17
Mercedes-Benz,27500.00,crossover,152,6.15,Petrol,yes,2007,ML 63 AMG,19,7.60
Renault,7200.00,van,285,1.90,Diesel,yes,2002,Trafic,24,11.40
Renault,6750.00,van,140,1.50,Diesel,yes,2012,Kangoo,14,9.33
Mitsubishi,21000.00,crossover,122,3.20,Diesel,yes,2009,Pajero Wagon,17,6.78
Volkswagen,15900.00,sedan,77,1.40,Petrol,yes,2012,Jetta,14,5.13
Volkswagen,10000.00,sedan,56,1.80,Petrol,no,2015,Passat B7,11,4.67
Renault,4500.00,other,1,1.50,Diesel,yes,2007,Kangoo,19,0.05
Mercedes-Benz,29000.00,crossover,139,3.50,Gas,yes,2009,ML 350,17,7.72
Mercedes-Benz,109999.00,crossover,0,2.98,Diesel,yes,2016,GLS 350,10,0.00
Mercedes-Benz,9999.00,sedan,80,2.30,Petrol,yes,2002,C-Class,24,3.20
BMW,32500.00,crossover,152,3.00,Diesel,yes,2008,X5,18,8.00
Mercedes-Benz,111999.00,crossover,0,3.00,Diesel,yes,2016,GL 350,10,0.00
Mercedes-Benz,29500.00,crossover,253,5.00,Petrol,yes,2003,G 500,23,10.54
Audi,2850.00,vagon,280,2.50,Diesel,no,1999,A6,27,10.00
Mitsubishi,7200.00,sedan,83,1.60,Other,yes,2007,Lancer,19,4.15
Volkswagen,6250.00,hatch,170,1.40,Petrol,yes,2001,Golf IV,25,6.54
Volkswagen,6500.00,sedan,74,2.00,Petrol,no,2011,Jetta,15,4.62
Volkswagen,6000.00,sedan,271,1.80,Petrol,yes,2000,Passat B5,26,10.04
Mitsubishi,9500.00,crossover,140,2.40,Gas,yes,2007,Outlander,19,7.00
Mercedes-Benz,17200.00,sedan,180,3.00,Diesel,yes,2006,320,20,8.57
Volkswagen,18200.00,hatch,23,1.40,Petrol,yes,2013,Golf VI,13,1.64
Mercedes-Benz,6900.00,vagon,235,2.90,Diesel,yes,1997,E-Class,29,7.83
Toyota,10200.00,other,105,1.50,Gas,yes,2005,Scion,21,4.77
Toyota,17394.09,hatch,0,1.33,Petrol,yes,2016,Yaris,10,0.00
Audi,22500.00,sedan,99,2.00,Other,yes,2010,A5,16,5.82
Mercedes-Benz,28950.00,sedan,40,1.80,Petrol,yes,2014,C-Class,12,3.08
BMW,15500.00,sedan,89,2.00,Diesel,no,2012,520,14,5.93
Renault,13600.00,vagon,164,1.50,Diesel,yes,2013,Grand Scenic,13,11.71
Mitsubishi,3250.00,sedan,380,1.80,Petrol,yes,1993,Galant,33,11.18
BMW,17000.00,vagon,158,2.00,Diesel,yes,2010,320,16,9.29
Renault,12350.00,van,159,2.00,Diesel,yes,2010,Trafic,16,9.35
Mercedes-Benz,24500.00,sedan,163,5.50,Gas,yes,2007,S 550,19,8.15
BMW,11800.00,sedan,218,2.00,Petrol,yes,2006,320,20,10.38
Toyota,30000.00,crossover,85,2.70,Gas,yes,2010,Land Cruiser Prado,16,5.00
Audi,4850.00,sedan,270,2.60,Petrol,yes,1995,A6,31,8.44
Volkswagen,11900.00,vagon,132,1.40,Petrol,yes,2011,Golf VI,15,8.25
Renault,6500.00,van,127,1.50,Diesel,yes,2011,Kangoo,15,7.94
Mercedes-Benz,12000.00,sedan,298,5.00,Petrol,yes,2004,S 500,22,12.96
BMW,4300.00,sedan,200,2.00,Diesel,no,2002,320,24,8.00
Renault,5600.00,vagon,112,1.50,Diesel,yes,2006,Kangoo,20,5.33
Mercedes-Benz,24500.00,other,77,1.80,Petrol,yes,2011,C-Class,15,4.81
BMW,26900.00,crossover,170,3.00,Diesel,yes,2008,X5,18,8.95
Mercedes-Benz,11500.00,van,180,2.20,Diesel,yes,2011,Vito,15,11.25
Mitsubishi,9700.00,van,247,2.40,Gas,yes,2008,Grandis,18,13.00
Renault,10500.00,vagon,185,1.50,Diesel,yes,2011,Megane,15,11.56
Renault,10900.00,vagon,180,1.50,Diesel,yes,2012,Megane,14,12.00
Renault,7500.00,other,440,2.00,Diesel,yes,2008,Trafic,18,23.16
Mercedes-Benz,25500.00,crossover,77,3.50,Petrol,yes,2008,ML 350,18,4.05
Volkswagen,15500.00,sedan,80,1.40,Petrol,yes,2013,Jetta,13,5.71
Volkswagen,9750.00,van,159,1.90,Diesel,yes,2009,Caddy,17,8.83
BMW,16100.00,crossover,194,3.00,Diesel,yes,2004,X5,22,8.43
Mercedes-Benz,126902.16,other,37,5.00,Petrol,yes,2012,G 500,14,2.47
Mercedes-Benz,5500.00,sedan,440,2.00,Petrol,yes,1978,E-Class,48,8.98
Volkswagen,9200.00,vagon,171,1.60,Petrol,yes,2008,Caddy,18,9.00
Volkswagen,5150.00,van,240,2.00,Diesel,yes,2005,Caddy,21,10.91
Toyota,100000.00,crossover,0,4.50,Diesel,yes,2016,Land Cruiser 200,10,0.00
Renault,8999.00,other,126,2.00,Diesel,yes,2012,Trafic,14,8.40
Mercedes-Benz,16800.00,sedan,125,1.80,Petrol,yes,2008,C-Class,18,6.58
Mercedes-Benz,8200.00,sedan,280,2.40,Gas,yes,1997,E-Class,29,9.33
Mercedes-Benz,24950.00,other,60,1.80,Petrol,yes,2013,C-Class,13,4.29
Audi,80999.00,crossover,0,3.00,Diesel,yes,2016,Q7,10,0.00
Mercedes-Benz,7300.00,van,207,2.20,Diesel,yes,2003,Vito,23,8.62
Volkswagen,2200.00,hatch,400,1.30,Other,yes,1987,Golf II,39,10.00
BMW,21335.00,other,105,3.00,Petrol,yes,2008,335,18,5.53
BMW,45000.00,crossover,80,3.00,Petrol,yes,2011,X6,15,5.00
Renault,6750.00,van,155,1.50,Diesel,yes,2012,Kangoo,14,10.33
Renault,7000.00,van,210,1.50,Diesel,yes,2005,Kangoo,21,9.55
BMW,12090.00,hatch,145,1.60,Petrol,yes,2010,116,16,8.53
BMW,27900.00,sedan,38,2.00,Petrol,yes,2013,320,13,2.71
Renault,2100.00,vagon,237,1.90,Diesel,no,2001,Laguna,25,9.12
Renault,6800.00,sedan,152,1.60,Petrol,yes,2007,Megane,19,7.60
Volkswagen,11500.00,van,163,2.50,Diesel,yes,2008,T5 (Transporter),18,8.58
Toyota,17900.00,sedan,35,1.60,Petrol,yes,2014,Corolla,12,2.69
Mercedes-Benz,125000.00,sedan,9,3.00,Diesel,yes,2014,S 350,12,0.69
BMW,6500.00,sedan,1,3.50,Petrol,yes,1999,535,27,0.04
BMW,8000.00,sedan,194,2.00,Petrol,yes,1985,520,41,4.62
Toyota,14200.00,sedan,31,,Petrol,yes,2014,Corolla,12,2.38
Volkswagen,13500.00,van,124,2.00,Diesel,yes,2013,T5 (Transporter) ,13,8.86
